catalog,family,catalog_order,family_order,family_puzzle_order,puzzle_name,level_slug,puzzle_string,wrenches,best_track_count_display,best_track_cells,best_additional_segments,best_total_track_segments,submitted_solution_count,example_solution_string,example_solution_steps,example_solution_id,level_url,example_solution_url,thumbnail_url,catalog_url,status
Regular,Abbotsford,1,1,1,Red Line,redLine,hh002Oja3Giaa00,1,3+0,3,0,3,12927,003QQQ00,4,1,https://trainyard.ca/solutions/redLine,https://trainyard.ca/3,https://s3.amazonaws.com/TrainyardSiteMisc/images/puzzles/redLine_thumb.png,https://trainyard.ca/solutions,ok
Regular,Abbotsford,2,1,2,Grorange lines,grorangeLines,hh8OsC007GbaCOjv2Giav,1,5+0,5,0,5,3677,05J6J6J8QQ,4,1004,https://trainyard.ca/solutions/grorangeLines,https://trainyard.ca/2jW,https://s3.amazonaws.com/TrainyardSiteMisc/images/puzzles/grorangeLines_thumb.png,https://trainyard.ca/solutions,ok
Regular,Abbotsford,3,1,3,Yorple lines,yorpleLines,hhGcaJ5OBJ8Osh3Geah9Gbah3Oah8OjJ5GiaJ,1,12+0,12,0,12,2417,1QQQQQ06J3J06QQQQQ,6,110,https://trainyard.ca/solutions/yorpleLines,https://trainyard.ca/3Y,https://s3.amazonaws.com/TrainyardSiteMisc/images/puzzles/yorpleLines_thumb.png,https://trainyard.ca/solutions,ok
Regular,Abbotsford,4,1,4,Magical Trains,magicalTrains,hh3GeaJ07OjJ5GiaJ07OaJ,1,9+1,9,1,10,2029,0J6J4QQEQQ4J6J0,6,1828,https://trainyard.ca/solutions/magicalTrains,https://trainyard.ca/2AE,https://s3.amazonaws.com/TrainyardSiteMisc/images/puzzles/magicalTrains_thumb.png,https://trainyard.ca/solutions,ok
Regular,Abbotsford,5,1,5,The Red Corner,theRedCorner,hh8Osa0001Giaa,1,7+0,7,0,7,3470,05hQQv6J6J6h,8,4985,https://trainyard.ca/solutions/theRedCorner,https://trainyard.ca/3B3,https://s3.amazonaws.com/TrainyardSiteMisc/images/puzzles/theRedCorner_thumb.png,https://trainyard.ca/solutions,ok
Regular,Abbotsford,6,1,6,Purpablu,purpablu,hh8OBJ3GcaJ003Oso3Gbao,1,16+0,16,0,16,3258,7C5vhQQQQQo01Cv3CQo3ho,10,42137,https://trainyard.ca/solutions/purpablu,https://trainyard.ca/2fst,https://s3.amazonaws.com/TrainyardSiteMisc/images/puzzles/purpablu_thumb.png,https://trainyard.ca/solutions,ok
Regular,Brampton,7,2,1,A Rock in the Way,aRockInTheWay,hh3GeaC00R00OaC,1,7+0,7,0,7,1864,0hv6J6J5Co5J0,8,66722,https://trainyard.ca/solutions/aRockInTheWay,https://trainyard.ca/2phu,https://s3.amazonaws.com/TrainyardSiteMisc/images/puzzles/aRockInTheWay_thumb.png,https://trainyard.ca/solutions,ok
Regular,Brampton,8,2,2,Green Wally,greenWally,hh8GeaC1R1OsC4R6R6R6R6R,1,9+0,9,0,9,1754,2CQv4J1J3ho1ho00,10,118,https://trainyard.ca/solutions/greenWally,https://trainyard.ca/48,https://s3.amazonaws.com/TrainyardSiteMisc/images/puzzles/greenWally_thumb.png,https://trainyard.ca/solutions,ok
Regular,Brampton,9,2,3,Yellow Snake,yellowSnake,hh6OBh1RRRRRR7RRRRRR05Gcah,1,23+0,23,0,23,1112,CQQQQQ1J6hQQQQQv6J1CQQQQo1J6o,24,93974,https://trainyard.ca/solutions/yellowSnake,https://trainyard.ca/2xY8,https://s3.amazonaws.com/TrainyardSiteMisc/images/puzzles/yellowSnake_thumb.png,https://trainyard.ca/solutions,ok
Regular,Brampton,10,2,4,U-Turn,uTurn,hhOsJRGeaJ1GeaaROsa1R3R2R3R2R3R2R3R2R3R,1,24+2,24,2,26,854,7J1hQM1JJ3J1JJ3J1JJ3J1JJ3J1JhQQQjQo,18,880110,https://trainyard.ca/solutions/uTurn,https://trainyard.ca/72Eg,https://s3.amazonaws.com/TrainyardSiteMisc/images/puzzles/uTurn_thumb.png,https://trainyard.ca/solutions,ok
Regular,Brampton,11,2,5,Journey,journey,hhR5Geav3R4R9R8R2R4Oav4R,1,11+0,11,0,11,1905,01CQo2CQo2CQo4J6J0,12,567898,https://trainyard.ca/solutions/journey,https://trainyard.ca/5f74,https://s3.amazonaws.com/TrainyardSiteMisc/images/puzzles/journey_thumb.png,https://trainyard.ca/solutions,ok
Regular,Calgary,12,3,1,Rainbow,rainbow,hhGeaaOsJGeaoOsCGeahOsvGeaa0005OaaGbaJOaoGbaCOahGbavOaa,1,25+15,25,15,40,1322,7HVMHRSMhSMJ2J2JJ2J2JJ2JCUtKUTt,12,268886,https://trainyard.ca/solutions/rainbow,https://trainyard.ca/3xKy,https://s3.amazonaws.com/TrainyardSiteMisc/images/puzzles/rainbow_thumb.png,https://trainyard.ca/solutions,ok
Regular,Calgary,13,3,2,Innie Outie,innieOutie,hh02Oja5Ojo01Giao5Giaa0,1,11+2,11,2,13,2435,03v5Fo1CQQQo1Cj5h0,12,1750,https://trainyard.ca/solutions/innieOutie,https://trainyard.ca/2zg,https://s3.amazonaws.com/TrainyardSiteMisc/images/puzzles/innieOutie_thumb.png,https://trainyard.ca/solutions,ok
Regular,Calgary,14,3,3,Around the Back,aroundTheBack,hh8Oja3Giao9Ojh3Giaa9Ojo3Giah,2,11+4,11,4,15,2565,9QQz6J4v1m4J1J4nQu,8,145257,https://trainyard.ca/solutions/aroundTheBack,https://trainyard.ca/2QjT,https://s3.amazonaws.com/TrainyardSiteMisc/images/puzzles/aroundTheBack_thumb.png,https://trainyard.ca/solutions,ok
Regular,Calgary,15,3,4,Multicolor,multiColor,hh3Oso07OjC2GpdEb2OBh07Oaa,1,8+0,8,0,8,1391,0J6J4QQ1QQ4J6J0,3,700,https://trainyard.ca/solutions/multiColor,https://trainyard.ca/2ew,https://s3.amazonaws.com/TrainyardSiteMisc/images/puzzles/multiColor_thumb.png,https://trainyard.ca/solutions,ok
Regular,Calgary,16,3,5,Squiggle,squiggle,hh07Oav6GkbF6OsC0,1,8+0,8,0,8,1776,0Cv6J4C1o4J6ho0,5,2490,https://trainyard.ca/solutions/squiggle,https://trainyard.ca/2Nu,https://s3.amazonaws.com/TrainyardSiteMisc/images/puzzles/squiggle_thumb.png,https://trainyard.ca/solutions,ok
Regular,Calgary,17,3,6,Two Two,twoTwo,hh3Geba00001Oba,1,5+0,5,0,5,1563,0J6J6J6J6J0,7,843,https://trainyard.ca/solutions/twoTwo,https://trainyard.ca/2h5,https://s3.amazonaws.com/TrainyardSiteMisc/images/puzzles/twoTwo_thumb.png,https://trainyard.ca/solutions,ok
Regular,Calgary,18,3,7,Crossover,crossover,hh3Oso07Oja5Giaa07Gbao,2,10+2,10,2,12,2526,0hv6J3QQUSQ4J6J0,8,1705283,https://trainyard.ca/solutions/crossover,https://trainyard.ca/2bHMv,https://s3.amazonaws.com/TrainyardSiteMisc/images/puzzles/crossover_thumb.png,https://trainyard.ca/solutions,ok
Regular,Delson,19,4,1,Mellow Yellow,mellowYellow,hh0Geah005Gcah3OCi,2,6+1,6,1,7,1140,07J6J6J5QnQ,6,2569,https://trainyard.ca/solutions/mellowYellow,https://trainyard.ca/2PT,https://s3.amazonaws.com/TrainyardSiteMisc/images/puzzles/mellowYellow_thumb.png,https://trainyard.ca/solutions,ok
Regular,Delson,20,4,2,Delivering Oranges,deliveringOranges,hh004Oby6Geav03Gbav,2,6+1,6,1,7,2124,06Cv5J6J6hr0,8,10867,https://trainyard.ca/solutions/deliveringOranges,https://trainyard.ca/5u5,https://s3.amazonaws.com/TrainyardSiteMisc/images/puzzles/deliveringOranges_thumb.png,https://trainyard.ca/solutions,ok
Regular,Delson,21,4,3,Purple Parcels,purpleParcels,hhOuOJ5GmaJ3R01R1R1R01R3GdaJ5GjaJ,2,15+2,15,2,17,2867,7J5JmQQQQQxJ5JJ5JJ5J,12,96734,https://trainyard.ca/solutions/purpleParcels,https://trainyard.ca/2yRq,https://s3.amazonaws.com/TrainyardSiteMisc/images/puzzles/purpleParcels_thumb.png,https://trainyard.ca/solutions,ok
Regular,Delson,22,4,4,Prellow,prellow,hh8GcaJ3Giah005ObK0,2,6+1,6,1,7,863,9QzQ5J6J6J0,7,823,https://trainyard.ca/solutions/prellow,https://trainyard.ca/2gH,https://s3.amazonaws.com/TrainyardSiteMisc/images/puzzles/prellow_thumb.png,https://trainyard.ca/solutions,ok
Regular,Delson,23,4,5,Around the Bend,aroundTheBend,hh002RRRGeavObxGeao5R6R,2,18+1,18,1,19,2226,04CQQQQv1J6hQQQr1J4J1J4hQo,20,1772,https://trainyard.ca/solutions/aroundTheBend,https://trainyard.ca/2zE,https://s3.amazonaws.com/TrainyardSiteMisc/images/puzzles/aroundTheBend_thumb.png,https://trainyard.ca/solutions,ok
Regular,Delson,24,4,6,Preenies,preenies,hhOrNNNNJ6RRRRRR9RRRRRR3R6R3GddGG5GjeOOJ,2,23+1,23,1,24,1206,1QQQQQv6JCQQQQQoJ6hv6J6jQQQQ,32,52950,https://trainyard.ca/solutions/preenies,https://trainyard.ca/2iTy,https://s3.amazonaws.com/TrainyardSiteMisc/images/puzzles/preenies_thumb.png,https://trainyard.ca/solutions,ok
Regular,Delson,25,4,7,Too Many,tooMany,hh3GelGGqqyy0RRR1RRRRRR1RRR8OEGG1Odqq1Omyy,3,15+2,15,2,17,771,0J6J6J3CQIL3h1J3v2hQQQo,16,943,https://trainyard.ca/solutions/tooMany,https://trainyard.ca/2iR,https://s3.amazonaws.com/TrainyardSiteMisc/images/puzzles/tooMany_thumb.png,https://trainyard.ca/solutions,ok
Regular,Edmonton,26,5,1,Yield,yield,hh8Ojh07Giah9Ojh0,3,7+1,7,1,8,692,9v6J6DQQ4J6o0,6,844,https://trainyard.ca/solutions/yield,https://trainyard.ca/2h6,https://s3.amazonaws.com/TrainyardSiteMisc/images/puzzles/yield_thumb.png,https://trainyard.ca/solutions,ok
Regular,Edmonton,27,5,2,Blue Boys,blueBoys,hh0Oso05OBo01Gbao0,3,4+1,4,1,5,386,07J6HQ5J0,4,178,https://trainyard.ca/solutions/blueBoys,https://trainyard.ca/5c,https://s3.amazonaws.com/TrainyardSiteMisc/images/puzzles/blueBoys_thumb.png,https://trainyard.ca/solutions,ok
Regular,Edmonton,28,5,3,Timing Test,timingTest,hh8Oja3Oja0002Giaa,3,12+3,12,3,15,2159,9v3v2HBQQo2mo5J6J6h,11,1740,https://trainyard.ca/solutions/timingTest,https://trainyard.ca/2z6,https://s3.amazonaws.com/TrainyardSiteMisc/images/puzzles/timingTest_thumb.png,https://trainyard.ca/solutions,ok
Regular,Edmonton,29,5,4,Grimace Town,grimaceTown,hh3GeaJ07GcaJ5GiaJ07OcOJ,3,10+2,10,2,12,1586,0hv6J3QQFuQ4J6J0,8,45559,https://trainyard.ca/solutions/grimaceTown,https://trainyard.ca/2gxz,https://s3.amazonaws.com/TrainyardSiteMisc/images/puzzles/grimaceTown_thumb.png,https://trainyard.ca/solutions,ok
Regular,Edmonton,30,5,5,Lemon Latency,lemonLatency,hhGeahOsh00005OBh,3,11+3,11,3,14,1264,7hM6hBv5ht6hv6J6h,11,817070,https://trainyard.ca/solutions/lemonLatency,https://trainyard.ca/6Eyy,https://s3.amazonaws.com/TrainyardSiteMisc/images/puzzles/lemonLatency_thumb.png,https://trainyard.ca/solutions,ok
Regular,Edmonton,31,5,6,Three Reds,threeReds,hhOsa1Osa3Osa0008Gbaa,3,12+4,12,4,16,2740,7hQnTFQo3Ho5J6J6J0,9,621522,https://trainyard.ca/solutions/threeReds,https://trainyard.ca/5ycC,https://s3.amazonaws.com/TrainyardSiteMisc/images/puzzles/threeReds_thumb.png,https://trainyard.ca/solutions,ok
Regular,Edmonton,32,5,7,Colour Theory,colourTheory,hh05Ojo3OBh08GbaC0,3,5+1,5,1,6,395,06QFQ5J6J0,5,1409,https://trainyard.ca/solutions/colourTheory,https://trainyard.ca/2tb,https://s3.amazonaws.com/TrainyardSiteMisc/images/puzzles/colourTheory_thumb.png,https://trainyard.ca/solutions,ok
Regular,Edmonton,33,5,8,Secondary,secondary,hhOsa5Osh00001Gbav,3,12+3,12,3,15,1672,7hQQQQFr5hr6J6J6J,12,1623659,https://trainyard.ca/solutions/secondary,https://trainyard.ca/2bfKV,https://s3.amazonaws.com/TrainyardSiteMisc/images/puzzles/secondary_thumb.png,https://trainyard.ca/solutions,ok
Regular,Edmonton,34,5,9,Nurple,nurple,hh8Osa05GpaJ05Oao,3,8+1,8,1,9,2258,05hQQFv5oJ6J0,6,92929,https://trainyard.ca/solutions/nurple,https://trainyard.ca/2xDt,https://s3.amazonaws.com/TrainyardSiteMisc/images/puzzles/nurple_thumb.png,https://trainyard.ca/solutions,ok
Regular,Fredericton,35,6,1,Micro Mix,microMix,hh8Ojo007OBhGcaC0,3,9+1,9,1,10,2052,9v6J6J4CQnv3h2o0,7,488,https://trainyard.ca/solutions/microMix,https://trainyard.ca/2aJ,https://s3.amazonaws.com/TrainyardSiteMisc/images/puzzles/microMix_thumb.png,https://trainyard.ca/solutions,ok
Regular,Fredericton,36,6,2,The First,theFirst,hh0Oso01GcaJ3GiaJ01Oaa0,3,7+2,7,2,9,1022,06CM5oJC5Ko0,6,579,https://trainyard.ca/solutions/theFirst,https://trainyard.ca/2cm,https://s3.amazonaws.com/TrainyardSiteMisc/images/puzzles/theFirst_thumb.png,https://trainyard.ca/solutions,ok
Regular,Fredericton,37,6,3,Wait Outside,waitOutside,hh8Osa1R1R4R1R1RRRR1R6R6R1GcaJ4ROao,3,24+1,24,1,25,548,CQQQFQvJ3J1Jho2J1J4J1J1CQQo1J1J4J1o,18,152258,https://trainyard.ca/solutions/waitOutside,https://trainyard.ca/2SyU,https://s3.amazonaws.com/TrainyardSiteMisc/images/puzzles/waitOutside_thumb.png,https://trainyard.ca/solutions,ok
Regular,Fredericton,38,6,4,Nine Men's Morris,nineMensMorris,hhOsh5Gmav9RRR4RRR4RRR9Gdav5Oaa,3,15+2,15,2,17,2115,7J5JJ5JJ5JJ5JlQQQQQx,16,489,https://trainyard.ca/solutions/nineMensMorris,https://trainyard.ca/2aK,https://s3.amazonaws.com/TrainyardSiteMisc/images/puzzles/nineMensMorris_thumb.png,https://trainyard.ca/solutions,ok
Regular,Fredericton,39,6,5,Eee Tee,eeeTee,hh009Oaa3Oah9OBa1GbbA1Ojo,3,15+3,15,3,18,2831,001Cv3CvJ5JlQQzQQrh5o,8,1737,https://trainyard.ca/solutions/eeeTee,https://trainyard.ca/2z3,https://s3.amazonaws.com/TrainyardSiteMisc/images/puzzles/eeeTee_thumb.png,https://trainyard.ca/solutions,ok
Regular,Fredericton,40,6,6,Relish,relish,hhROjh5OsCGeaC000RR5ROjo,4,16+6,16,6,22,2511,2v6J4hAlTv3huuuQv6J6J6o,11,271762,https://trainyard.ca/solutions/relish,https://trainyard.ca/3yEU,https://s3.amazonaws.com/TrainyardSiteMisc/images/puzzles/relish_thumb.png,https://trainyard.ca/solutions,ok
Regular,Guelph,41,7,1,Mirror Squad,mirrorSquad,hhOja8R3GiaJOjo1R4RRRRRRR4R1OBoGcaC3R8OBh,3,20+6,20,6,26,1654,1IQBIv2J1hoh2o03Cv2C2Snv1J4hQu,9,1767409,https://trainyard.ca/solutions/mirrorSquad,https://trainyard.ca/2c5AT,https://s3.amazonaws.com/TrainyardSiteMisc/images/puzzles/mirrorSquad_thumb.png,https://trainyard.ca/solutions,ok
Regular,Guelph,42,7,2,Cute Loop,cuteLoop,hhOja5OBoR1RRRRR4R1GiaJ4R6R6R,3,20+3,20,3,23,2423,1FQQQQ2J6hUv1C3ht1J4J1J4J1J4hQo,20,1738,https://trainyard.ca/solutions/cuteLoop,https://trainyard.ca/2z4,https://s3.amazonaws.com/TrainyardSiteMisc/images/puzzles/cuteLoop_thumb.png,https://trainyard.ca/solutions,ok
Regular,Guelph,43,7,3,Hourglass,hourglass,hhOja5OBh0GbaJ6R6Geav0Oja5OBo,4,18+6,18,6,24,2474,1QQFQT4lTo5J6J6J5Do3QQjQQ,23,272130,https://trainyard.ca/solutions/hourglass,https://trainyard.ca/3yMu,https://s3.amazonaws.com/TrainyardSiteMisc/images/puzzles/hourglass_thumb.png,https://trainyard.ca/solutions,ok
Regular,Guelph,44,7,4,Gauss,gauss,hh04Oja5OBJR5ROjo5GiaJ0,4,10+4,10,4,14,1185,05v3C2DQQIA2o2hp0,8,373131,https://trainyard.ca/solutions/gauss,https://trainyard.ca/48Z5,https://s3.amazonaws.com/TrainyardSiteMisc/images/puzzles/gauss_thumb.png,https://trainyard.ca/solutions,ok
Regular,Guelph,45,7,5,Third Wheel,thirdWheel,hh3Osv07Oah5Oaa07Gbav,4,14+4,14,4,18,4291,0J3CQvNQQv2hM6mv5Ho,8,495,https://trainyard.ca/solutions/thirdWheel,https://trainyard.ca/2aR,https://s3.amazonaws.com/TrainyardSiteMisc/images/puzzles/thirdWheel_thumb.png,https://trainyard.ca/solutions,ok
Regular,Guelph,46,7,6,Turtles,turtles,hh02R6R6R1OjC3OBCR6R1OjC3OBCRGbaC,4,20+4,20,4,24,3394,4CQv4J1J4J1J3Co1J1vCs2J1Dpr2J1o1h,18,1326,https://trainyard.ca/solutions/turtles,https://trainyard.ca/2rG,https://s3.amazonaws.com/TrainyardSiteMisc/images/puzzles/turtles_thumb.png,https://trainyard.ca/solutions,ok
Regular,Guelph,47,7,7,Royals,royals,hhOsJ007RRRRRR8GbaJROjJ,4,20+3,20,3,23,3356,7J6J4CvhQQQQpM6JCQQIQQo3o,20,497,https://trainyard.ca/solutions/royals,https://trainyard.ca/2aT,https://s3.amazonaws.com/TrainyardSiteMisc/images/puzzles/royals_thumb.png,https://trainyard.ca/solutions,ok
Regular,Guelph,48,7,8,Spiced,spiced,hhOka5OCi07Gpby07Oki5OCa,4,17+3,17,3,20,3051,1QQFQQ4J6hv6r5Co5J4QQjQQ,9,498,https://trainyard.ca/solutions/spiced,https://trainyard.ca/2aU,https://s3.amazonaws.com/TrainyardSiteMisc/images/puzzles/spiced_thumb.png,https://trainyard.ca/solutions,ok
Regular,Halifax,49,8,1,Handlebars,handlebars,hhGcaC5GiaCOso5Osh001Oah5OaoGcaC5GiaC,4,18+4,18,4,22,1805,1v3C2J3J1hA3hM1J4JCt3CL1J3J2o3h,7,206132,https://trainyard.ca/solutions/handlebars,https://trainyard.ca/3bJW,https://s3.amazonaws.com/TrainyardSiteMisc/images/puzzles/handlebars_thumb.png,https://trainyard.ca/solutions,ok
Regular,Halifax,50,8,2,Compact,compact,hh06GjavOaaR4OBoROja4ROshGgaJ0,4,18+7,18,7,25,4377,9CIQv6Kv1C3AJ1J3VM1hQnQno,13,1108339,https://trainyard.ca/solutions/compact,https://trainyard.ca/8jrM,https://s3.amazonaws.com/TrainyardSiteMisc/images/puzzles/compact_thumb.png,https://trainyard.ca/solutions,ok
Regular,Halifax,51,8,3,Wailing,wailing,hh3R4Ojo1R1Giaa4R4Oja3Giah4R4Ojh1R1Giao4R,5,21+4,21,4,25,1949,9v1C2CQo1hQvJ1IQB1JhQL1mQo2o1h,14,273902,https://trainyard.ca/solutions/wailing,https://trainyard.ca/3zm8,https://s3.amazonaws.com/TrainyardSiteMisc/images/puzzles/wailing_thumb.png,https://trainyard.ca/solutions,ok
Regular,Halifax,52,8,4,Laser Master,laserMaster,hh3GedOO00001Odcc,7,8+4,8,4,12,8750,0J5Ct5Dx5hA6J0,11,811,https://trainyard.ca/solutions/laserMaster,https://trainyard.ca/2gv,https://s3.amazonaws.com/TrainyardSiteMisc/images/puzzles/laserMaster_thumb.png,https://trainyard.ca/solutions,ok
Regular,Halifax,53,8,5,Squads,squads,hh1Oja5Oso06GedOy06Oaa5OBh,6,15+7,15,7,22,7320,2v6J4hFr5hA6hSTBv4Do5h,27,2549908,https://trainyard.ca/solutions/squads,https://trainyard.ca/2gx86,https://s3.amazonaws.com/TrainyardSiteMisc/images/puzzles/squads_thumb.png,https://trainyard.ca/solutions,ok
Regular,Halifax,54,8,6,Aspire,aspire,hh009GiaCOtoOtb4Giaa6R,7,14+4,14,4,18,7571,001CQQQv2m3J2h1HtJ4hno,15,352,https://trainyard.ca/solutions/aspire,https://trainyard.ca/8i,https://s3.amazonaws.com/TrainyardSiteMisc/images/puzzles/aspire_thumb.png,https://trainyard.ca/solutions,ok
Regular,Halifax,55,8,7,Under The Fence,underTheFence,hhOja2R2OBaOjo2R2OBo3R6R6R0Gbaa5Gbao,5,21+7,21,7,28,3901,1v3C2A3N2J3J2J3J2J3J1CRTFQsv2hjQo,14,1249799,https://trainyard.ca/solutions/underTheFence,https://trainyard.ca/98xR,https://s3.amazonaws.com/TrainyardSiteMisc/images/puzzles/underTheFence_thumb.png,https://trainyard.ca/solutions,ok
Regular,Iqaluit,56,9,1,Inverse,inverse,hh7Obi5OboR5RR2Gpav2RR5RGeaC5GeaC,7,22+6,22,6,28,2689,CQBFBQv2hVo4Ct5J6J6J4hQjQQQo,18,983614,https://trainyard.ca/solutions/inverse,https://trainyard.ca/7BEy,https://s3.amazonaws.com/TrainyardSiteMisc/images/puzzles/inverse_thumb.png,https://trainyard.ca/solutions,ok
Regular,Iqaluit,57,9,2,Totem Pole,totemPole,hh3Geby00OBh6OBa6Oja6Ojh,5,11+3,11,3,14,3748,0hv4CQt4K1J4h1J6L6o,8,353,https://trainyard.ca/solutions/totemPole,https://trainyard.ca/8j,https://s3.amazonaws.com/TrainyardSiteMisc/images/puzzles/totemPole_thumb.png,https://trainyard.ca/solutions,ok
Regular,Iqaluit,58,9,3,Western,western,hhOjh2R4Ojo1R1Giaa4R4Oja3Gibj4R4Ojh1R1Giao1Ojo2R2Gbah,6,26+7,26,7,33,598,1Qv6A1C2CQo1hQvJ1IQB1JhQL1mQr2L1h1J1Qo,18,96508,https://trainyard.ca/solutions/western,https://trainyard.ca/2yMn,https://s3.amazonaws.com/TrainyardSiteMisc/images/puzzles/western_thumb.png,https://trainyard.ca/solutions,ok
Regular,Iqaluit,59,9,4,Collider,collider,hh04Ojh5OBoOjh2GpfGGG2OBoOjh5OBo0,6,13+6,13,6,19,7971,8CvCv3thVjB2L3m2o3h0,12,273106,https://trainyard.ca/solutions/collider,https://trainyard.ca/3z6U,https://s3.amazonaws.com/TrainyardSiteMisc/images/puzzles/collider_thumb.png,https://trainyard.ca/solutions,ok
Regular,Iqaluit,60,9,5,Starship Sandwich,starshipSandwich,hhGcbO6Oja6Oja6RRRRRR1Ojo6Ojo6GcbO,6,23+10,23,10,33,5725,1Bv5ADQQBv1no2hM6J1IIQQQo1tJ5So,19,1131206,https://trainyard.ca/solutions/starshipSandwich,https://trainyard.ca/8sJ8,https://s3.amazonaws.com/TrainyardSiteMisc/images/puzzles/starshipSandwich_thumb.png,https://trainyard.ca/solutions,ok
Regular,Iqaluit,61,9,6,The Classic,theClassic,hh3GeaCGeav0Oja03Oki02GbaCOjo,7,12+7,12,7,19,3484,0Ho4zt5Dr5Eo3CQL6o,10,375511,https://trainyard.ca/solutions/theClassic,https://trainyard.ca/49Kz,https://s3.amazonaws.com/TrainyardSiteMisc/images/puzzles/theClassic_thumb.png,https://trainyard.ca/solutions,ok
Regular,Joliette,62,10,1,Red Pear,redPear,hhPaj00OjC5Giaa00,2,9+2,9,2,11,595,1v5hA6J6pQQQQ00,14,3045,https://trainyard.ca/solutions/redPear,https://trainyard.ca/2Yp,https://s3.amazonaws.com/TrainyardSiteMisc/images/puzzles/redPear_thumb.png,https://trainyard.ca/solutions,ok
Regular,Joliette,63,10,2,Paint The Town,paintTheTown,hhOsh5Oso07Pao00Gbav,4,13+1,13,1,14,634,7hQv1CQo2JCo4J6hA6J0,9,359801,https://trainyard.ca/solutions/paintTheTown,https://trainyard.ca/44K3,https://s3.amazonaws.com/TrainyardSiteMisc/images/puzzles/paintTheTown_thumb.png,https://trainyard.ca/solutions,ok
Regular,Joliette,64,10,3,Lopsided,lopsided,hh3GiavGcav02RR5RR5RR5PbxPap5OavOav,5,14+2,14,2,16,230,2C2v3DQQx3J2J3J2J3J2J3h2o,11,206,https://trainyard.ca/solutions/lopsided,https://trainyard.ca/5G,https://s3.amazonaws.com/TrainyardSiteMisc/images/puzzles/lopsided_thumb.png,https://trainyard.ca/solutions,ok
Regular,Joliette,65,10,4,Plus,plus,hhPaj06R3Oah1RROjo5R0GdaJ,6,15+4,15,4,19,846,1v5HEQQQv1KM3J2J3o2J5Co0,13,1221628,https://trainyard.ca/solutions/plus,https://trainyard.ca/8XyN,https://s3.amazonaws.com/TrainyardSiteMisc/images/puzzles/plus_thumb.png,https://trainyard.ca/solutions,ok
Regular,Joliette,66,10,5,Orange Wall,orangeWall,hh6Giav3Pdo6Gbav3Obq2Pdw2Otq3Geav6Pdo3Gcav,7,19+5,19,5,24,1851,3CzQ5J2Cv2J3hQ1Pv5Duo4J3QQno,16,805,https://trainyard.ca/solutions/orangeWall,https://trainyard.ca/2gp,https://s3.amazonaws.com/TrainyardSiteMisc/images/puzzles/orangeWall_thumb.png,https://trainyard.ca/solutions,ok
Regular,Kamloops,67,11,1,Podded Peas,poddedPeas,hh3GebG004OsJ5OsJ7Pbh5Pcv,4,14+2,14,2,16,1557,0J6J6J6J3J1CVv1J1QnohQ,15,712885,https://trainyard.ca/solutions/poddedPeas,https://trainyard.ca/65k7,https://s3.amazonaws.com/TrainyardSiteMisc/images/puzzles/poddedPeas_thumb.png,https://trainyard.ca/solutions,ok
Regular,Kamloops,68,11,2,Let Them Yellow,letThemYellow,hhGeah5Geah04RRRPboRRR04Gbah2OdOO2Gbah,7,18+5,18,5,23,3089,7hQzzQQo2hM03mQv1CQQt1hv,16,943453,https://trainyard.ca/solutions/letThemYellow,https://trainyard.ca/7nRp,https://s3.amazonaws.com/TrainyardSiteMisc/images/puzzles/letThemYellow_thumb.png,https://trainyard.ca/solutions,ok
Regular,Kamloops,69,11,3,The Original,theOriginal,hh07ObqOah5GebOGeaC002OBa,7,13+5,13,5,18,4161,9CTv4J6J6NtJ4hSSv6h,11,338,https://trainyard.ca/solutions/theOriginal,https://trainyard.ca/84,https://s3.amazonaws.com/TrainyardSiteMisc/images/puzzles/theOriginal_thumb.png,https://trainyard.ca/solutions,ok
Regular,Kamloops,70,11,4,Stuck To You,stuckToYou,hh04OjJ5RR2Pco2GiaCOjJ2Pbo2R0,7,12+3,12,3,15,1546,05QQzv6DQ2Qv1J4hpo,11,508,https://trainyard.ca/solutions/stuckToYou,https://trainyard.ca/2b6,https://s3.amazonaws.com/TrainyardSiteMisc/images/puzzles/stuckToYou_thumb.png,https://trainyard.ca/solutions,ok
Regular,Kamloops,71,11,5,Diagonal Mirror,diagonalMirror,hh01OaoGdah5ROjo4R5R5Pbr0,7,17+5,17,5,22,2900,4CQv6M6M6J6JC4CAhRQQQno,29,107653,https://trainyard.ca/solutions/diagonalMirror,https://trainyard.ca/2Ckp,https://s3.amazonaws.com/TrainyardSiteMisc/images/puzzles/diagonalMirror_thumb.png,https://trainyard.ca/solutions,ok
Regular,Kamloops,72,11,6,Four Shadowing,fourShadowing,hhOvaa06Pbo5Pcw1Pdw5Peo06Gbdpz,8,17+8,17,8,25,8564,7NzQv3lx5Nn1r3J6hQQnQQv,31,2541978,https://trainyard.ca/solutions/fourShadowing,https://trainyard.ca/2guAu,https://s3.amazonaws.com/TrainyardSiteMisc/images/puzzles/fourShadowing_thumb.png,https://trainyard.ca/solutions,ok
Regular,Kamloops,73,11,7,Fireball Island,fireballIsland,hhGgbG8R1Oaa7Ojh7R5Ojh3R1Oso2Gdby,10,26+8,26,8,34,7449,1zQQBQvJJ4JDt4oJJ5lM4vJJ4J1pQQSQo,13,888463,https://trainyard.ca/solutions/fireballIsland,https://trainyard.ca/75jr,https://s3.amazonaws.com/TrainyardSiteMisc/images/puzzles/fireballIsland_thumb.png,https://trainyard.ca/solutions,ok
Regular,London,74,12,1,Round The Twist,roundTheTwist,hh004Sc07Gbaa2OaJ2Gbao,3,12+4,12,4,16,1020,003C1v4hPM2CQQPpQv,11,284002,https://trainyard.ca/solutions/roundTheTwist,https://trainyard.ca/3Czu,https://s3.amazonaws.com/TrainyardSiteMisc/images/puzzles/roundTheTwist_thumb.png,https://trainyard.ca/solutions,ok
Regular,London,75,12,2,More Is Merrier,moreIsMerrier,hh001OmGG2Sa2GibqGcdii5Gibq0,4,9+2,9,2,11,280,05CQv4EQ1QB2o3h0,12,103518,https://trainyard.ca/solutions/moreIsMerrier,https://trainyard.ca/2B2y,https://s3.amazonaws.com/TrainyardSiteMisc/images/puzzles/moreIsMerrier_thumb.png,https://trainyard.ca/solutions,ok
Regular,London,76,12,3,Three Peas,threePeas,hh4Gecih02OBC6OBCSb5OBC04Gbcqo,4,12+3,12,3,15,797,01J4C1J4H2v3H1JJ3hQPo,13,510,https://trainyard.ca/solutions/threePeas,https://trainyard.ca/2b8,https://s3.amazonaws.com/TrainyardSiteMisc/images/puzzles/threePeas_thumb.png,https://trainyard.ca/solutions,ok
Regular,London,77,12,4,Ackee Tree,akeeTree,hh3OsC6Sa6Gcao6Gibi6Gcaa6Sc6Oav,5,11+1,11,1,12,427,8CQ1v3hv1o4D6J1v4h1o,7,65018,https://trainyard.ca/solutions/akeeTree,https://trainyard.ca/2nK4,https://s3.amazonaws.com/TrainyardSiteMisc/images/puzzles/akeeTree_thumb.png,https://trainyard.ca/solutions,ok
Regular,London,78,12,5,Hookshot,hookshot,hh8Oao3GcaC01Sb01Giaa3Osv,6,20+5,20,5,25,2608,1Cv6J3v2Hv2J2J1zQoCQjnt2h3J6ho,14,497661,https://trainyard.ca/solutions/hookshot,https://trainyard.ca/4QGP,https://s3.amazonaws.com/TrainyardSiteMisc/images/puzzles/hookshot_thumb.png,https://trainyard.ca/solutions,ok
Regular,London,79,12,6,Pick Your Partner,pickYourPartner,hhGcao6Gcao6Gcao2Sc2GiaaRRR1RRR7OjJ1Sd3OBo,7,18+4,18,4,22,2768,1v6PQQv3nQ1uQ4J6J4v1KQQ2hQo,12,400,https://trainyard.ca/solutions/pickYourPartner,https://trainyard.ca/9a,https://s3.amazonaws.com/TrainyardSiteMisc/images/puzzles/pickYourPartner_thumb.png,https://trainyard.ca/solutions,ok
Regular,London,80,12,7,Primer,primer,hh3Osh03Sa004Gbah2Gbah2Gbah,8,15+3,15,3,18,1592,0Hv4C1r4J1hQv2J3JCQjv2J,13,568270,https://trainyard.ca/solutions/primer,https://trainyard.ca/5fdG,https://s3.amazonaws.com/TrainyardSiteMisc/images/puzzles/primer_thumb.png,https://trainyard.ca/solutions,ok
Regular,London,81,12,8,Reunited,reunited,hh1Sc8OBo03OjJ03GiaJ0,9,16+7,16,7,23,5737,C1v4JNs4lnM4hQt1v4mQo4h0,18,1264994,https://trainyard.ca/solutions/reunited,https://trainyard.ca/9dpc,https://s3.amazonaws.com/TrainyardSiteMisc/images/puzzles/reunited_thumb.png,https://trainyard.ca/solutions,ok
Regular,London,82,12,9,Star Stuck,starStuck,hh06Odyy1Gbdco02Pcj6Pad0,10,14+6,14,6,20,6263,9CFzv4J1J3CSUx3J1So3h0,36,4247,https://trainyard.ca/solutions/starStuck,https://trainyard.ca/3mR,https://s3.amazonaws.com/TrainyardSiteMisc/images/puzzles/starStuck_thumb.png,https://trainyard.ca/solutions,ok
Regular,Mississauga,83,13,1,Warm Up,warmUp,hh2GccqhScGicah0009Ocpa1Occh,4,7+1,7,1,8,676,0J6J6J6J5Cjv,10,301,https://trainyard.ca/solutions/warmUp,https://trainyard.ca/7p,https://s3.amazonaws.com/TrainyardSiteMisc/images/puzzles/warmUp_thumb.png,https://trainyard.ca/solutions,ok
Regular,Mississauga,84,13,2,The Numerator,theNumerator,hh2Geah1GeaJ08Sc1Sc08Oav1OaC,5,12+5,12,5,17,1290,9hFx5KSv4h1o5J4CQL,12,1010084,https://trainyard.ca/solutions/theNumerator,https://trainyard.ca/7L7e,https://s3.amazonaws.com/TrainyardSiteMisc/images/puzzles/theNumerator_thumb.png,https://trainyard.ca/solutions,ok
Regular,Mississauga,85,13,3,Drone vs Probe,droneVsProbe,hh3Geah6Sd4PboR3OBo3R7R5Sb2Giah3Gbao,6,13+2,13,2,15,165,8CQ7hQF2hv2J3hv1J5Qp,21,110139,https://trainyard.ca/solutions/droneVsProbe,https://trainyard.ca/2D8M,https://s3.amazonaws.com/TrainyardSiteMisc/images/puzzles/droneVsProbe_thumb.png,https://trainyard.ca/solutions,ok
Regular,Mississauga,86,13,4,Ochos Rios,ochosRios,hh8OaJ04GibxSb05OsC,7,20+8,20,8,28,3817,1CUv5HA4Comv3l2x3hBLJ4hoJ6ho,15,127180,https://trainyard.ca/solutions/ochosRios,https://trainyard.ca/2Jz6,https://s3.amazonaws.com/TrainyardSiteMisc/images/puzzles/ochosRios_thumb.png,https://trainyard.ca/solutions,ok
Regular,Mississauga,87,13,5,Port Credit,portCredit,hhGcah2R3Osa2R1Pcw4R03R3Oaa2R1Pbw1Gcao2R,8,22+4,22,4,26,3001,1v6J2C1vDM2J1JJDQQx1JJJ2J1J1J2h1o1o,27,74526,https://trainyard.ca/solutions/portCredit,https://trainyard.ca/2rLQ,https://s3.amazonaws.com/TrainyardSiteMisc/images/puzzles/portCredit_thumb.png,https://trainyard.ca/solutions,ok
Regular,Mississauga,88,13,6,Turtle,turtle,hhGcah6GcdojSc06PaoPbo5PfoPeo8Ojh,9,17+7,17,7,24,9329,1Qv6Pv4KRjBv2J6J6mQQSo2o,50,294883,https://trainyard.ca/solutions/turtle,https://trainyard.ca/3G3M,https://s3.amazonaws.com/TrainyardSiteMisc/images/puzzles/turtle_thumb.png,https://trainyard.ca/solutions,ok
Regular,Mississauga,89,13,7,Factories,factories,hh8Pco3Peo9Peo3Pco1Gcao5GiaC1Oby3ObO,10,16+4,16,4,20,4290,1CQQQv9hQzQo4J4UQjQT0,23,424,https://trainyard.ca/solutions/factories,https://trainyard.ca/9A,https://s3.amazonaws.com/TrainyardSiteMisc/images/puzzles/factories_thumb.png,https://trainyard.ca/solutions,ok
Regular,Mississauga,90,13,8,Tor,tor,hh1GeaC1GeaJ1Geav1Oja1Ojh1Ojo9Ojo1Oja1Ojh00,10,20+12,20,12,32,7367,8A1A1Vv1J1DQux1M1t1Io1KISQo2ho0,16,653197,https://trainyard.ca/solutions/tor,https://trainyard.ca/5Jif,https://s3.amazonaws.com/TrainyardSiteMisc/images/puzzles/tor_thumb.png,https://trainyard.ca/solutions,ok
Regular,Niagara Falls,91,14,1,Horhey,horhey,hh003GiaaGfaaOmaa00,8,11+5,11,5,16,4536,002C3v2NUuQo2KL5ho,13,1519257,https://trainyard.ca/solutions/horhey,https://trainyard.ca/2aEtB,https://s3.amazonaws.com/TrainyardSiteMisc/images/puzzles/horhey_thumb.png,https://trainyard.ca/solutions,ok
Regular,Niagara Falls,92,14,2,Christmas Eve,christmasEve,hh9OaaGbaCOaa2R1RRR1RR1RRR1RR1RRR1R2OsCGeaaOsC,6,24+10,24,10,34,568,1CBUBBv1J3Ho1J3J2J3J2J3J1Ct3J1hnnSno,13,283694,https://trainyard.ca/solutions/christmasEve,https://trainyard.ca/3CtY,https://s3.amazonaws.com/TrainyardSiteMisc/images/puzzles/christmasEve_thumb.png,https://trainyard.ca/solutions,ok
Regular,Niagara Falls,93,14,3,Candlesticks,candlesticks,hhGeaoGeaoGeah1GeaaGeaaGeah0Sc3RRR1RRR04OaCOaJOav1OavOaJOaC,7,18+10,18,10,28,1373,7hkM1Huo1hn1o5J6J3CIIjBBv,12,2218391,https://trainyard.ca/solutions/candlesticks,https://trainyard.ca/2eDq9,https://s3.amazonaws.com/TrainyardSiteMisc/images/puzzles/candlesticks_thumb.png,https://trainyard.ca/solutions,ok
Regular,Niagara Falls,94,14,4,Argentan,argentan,hh8Ojh6Ojv6Ojh3Gcbk2Ojv6Ojh0,8,13+5,13,5,18,4802,9Qv5UMCQv2Eno1o2t6o0,10,1333,https://trainyard.ca/solutions/argentan,https://trainyard.ca/2rP,https://s3.amazonaws.com/TrainyardSiteMisc/images/puzzles/argentan_thumb.png,https://trainyard.ca/solutions,ok
Regular,Niagara Falls,95,14,5,Wagon Wheels,wagonWheels,hh8Pej1GcaC1Pcx9Gbah1OdWW1Geao9Pbb1Giaa1Pad,8,18+7,18,7,25,2160,01U3CzvNo3J1J3CEQjx3E1C4hQo,30,1698705,https://trainyard.ca/solutions/wagonWheels,https://trainyard.ca/2bFG3,https://s3.amazonaws.com/TrainyardSiteMisc/images/puzzles/wagonWheels_thumb.png,https://trainyard.ca/solutions,ok
Regular,Niagara Falls,96,14,6,Gaius,gaius,hh6OBaGcaaSa0SaGiaaGcaaSa0SaGiaaGcaaSa5Gcaa4SaGiaa,6,21+6,21,6,27,572,1Cv2C3M2J2CjQF4v1mv2Co1H4v1mv2Qo1h,34,81091,https://trainyard.ca/solutions/gaius,https://trainyard.ca/2tS5,https://s3.amazonaws.com/TrainyardSiteMisc/images/puzzles/gaius_thumb.png,https://trainyard.ca/solutions,ok
Regular,Niagara Falls,97,14,7,Machine Gun,machineGun,hhGeaaGeaaGeaaGeaaGeaaGeaaGeaa006Sc03Oaa,11,18+12,18,12,30,10332,7hRwAHuA2hRA1J4DQr4h1t5Ko,58,2562894,https://trainyard.ca/solutions/machineGun,https://trainyard.ca/2gBfY,https://s3.amazonaws.com/TrainyardSiteMisc/images/puzzles/machineGun_thumb.png,https://trainyard.ca/solutions,ok
Regular,Niagara Falls,98,14,8,Humber,humber,hh04OaC5GbbiGcbb2Sc2OBvOsC5Gebq0,9,24+10,24,10,34,7015,7Cv3Cv1JCQFo2PE1pF2lPL1J1hohnQuo,22,133070,https://trainyard.ca/solutions/humber,https://trainyard.ca/2Lsg,https://s3.amazonaws.com/TrainyardSiteMisc/images/puzzles/humber_thumb.png,https://trainyard.ca/solutions,ok
Regular,Niagara Falls,99,14,9,Cooksville Creek,cooksvilleCreek,hhOjo5Gidqq7Sb5SdGbdqq5Gbdqq7Sb5SdGbdqq2Sa2Gbdqq,11,25+12,25,12,37,5380,1v3C1CM3hv1M3C2J3J1CjBFzkv1BjVER2hQ1o,94,2467124,https://trainyard.ca/solutions/cooksvilleCreek,https://trainyard.ca/2g4HN,https://s3.amazonaws.com/TrainyardSiteMisc/images/puzzles/cooksvilleCreek_thumb.png,https://trainyard.ca/solutions,ok
Bonus,Oakville,1,1,1,Rocky Road,rockyRoad,hhOjh2R2GiaC3R1RR3R1RRRR3RR3R1RR3R1RROjo2R2GiaC,10,22+6,22,6,28,1512,1Qv1CQ2Cr1J3hA1J4mQr3CL1J3Do1J3o2hQ,26,2249546,https://trainyard.ca/solutions/rockyRoad,https://trainyard.ca/2ePku,https://s3.amazonaws.com/TrainyardSiteMisc/images/puzzles/rockyRoad_thumb.png,https://trainyard.ca/bonusSolutions,ok
Bonus,Oakville,2,1,2,Clown Car,clownCar,hhOsaOshOso3OBa6OBh6OBo3GplGGyyOO3Ojo6Ojh6Oja3OaoOahOaa,10,26+17,26,17,43,7373,5C1NVo2H1hA3H2NU1vhv1MDSxCr1PL1mxJ1Ro,20,1552199,https://trainyard.ca/solutions/clownCar,https://trainyard.ca/2aQXR,https://s3.amazonaws.com/TrainyardSiteMisc/images/puzzles/clownCar_thumb.png,https://trainyard.ca/bonusSolutions,ok
Bonus,Oakville,3,1,3,Alleyway,alleyway,hh2Osa1Oso5Osh07RRR1RRRGcaQ2Sa2GiaQRRRRRRR,6,12+3,12,3,15,840,9J1J4HEo4hA6J4QQ1QQ,9,120753,https://trainyard.ca/solutions/alleyway,https://trainyard.ca/2Gwj,https://s3.amazonaws.com/TrainyardSiteMisc/images/puzzles/alleyway_thumb.png,https://trainyard.ca/bonusSolutions,ok
Bonus,Oakville,4,1,4,Recycling Garbage,recyclingGarbage,hhOja5OBC07GpdWW07Ojh5OBo,8,17+8,17,8,25,1959,1QQQzQ5J6J6M5HA5mt3QQRpQ,18,2556320,https://trainyard.ca/solutions/recyclingGarbage,https://trainyard.ca/2gzaA,https://s3.amazonaws.com/TrainyardSiteMisc/images/puzzles/recyclingGarbage_thumb.png,https://trainyard.ca/bonusSolutions,ok
Bonus,Oakville,5,1,5,Shanimal,shanimal,hh5GibfR5ROta2R1R4R1R4R1R2ObqR5RGcbt,11,24+6,24,6,30,3521,3CQ2CBQA3Ko1J2JJ2J2JJ2J2J3NQFo2QpQo,35,2552681,https://trainyard.ca/solutions/shanimal,https://trainyard.ca/2gxZB,https://s3.amazonaws.com/TrainyardSiteMisc/images/puzzles/shanimal_thumb.png,https://trainyard.ca/bonusSolutions,ok
Bonus,Oakville,6,1,6,Cayman,cayman,hhGcah6GcfojbSc06PaoPbo5PcoPco8Ojh,11,18+8,18,8,26,4553,1QQv5BA4mSnTv2J6J6mQQno2o,68,555270,https://trainyard.ca/solutions/cayman,https://trainyard.ca/5b5y,https://s3.amazonaws.com/TrainyardSiteMisc/images/puzzles/cayman_thumb.png,https://trainyard.ca/bonusSolutions,ok
Bonus,Oakville,7,1,7,Pwr Ovrwhlmng,pwrOvrwhlmng,hh3GeahGeah2GcaoSc1Sb02Sb3OBC7GcahSa1Sb6GbaoGbao,11,16+8,16,8,24,1968,9v1A3Hkno3J1QQQ2mEIv4o1t,19,286,https://trainyard.ca/solutions/pwrOvrwhlmng,https://trainyard.ca/78,https://s3.amazonaws.com/TrainyardSiteMisc/images/puzzles/pwrOvrwhlmng_thumb.png,https://trainyard.ca/bonusSolutions,ok
Bonus,Oakville,8,1,8,Axiom,axiom,hh2Pcx1Pbj09Sc07GbaCGbaC1Odyy1GbaCGbaC,8,22+8,22,8,30,2195,CF5JJJ4hPwQv3hw1o4JJ3CUjPQTv,22,35927,https://trainyard.ca/solutions/axiom,https://trainyard.ca/2dtz,https://s3.amazonaws.com/TrainyardSiteMisc/images/puzzles/axiom_thumb.png,https://trainyard.ca/bonusSolutions,ok
Bonus,Oakville,9,1,9,Jagd,jagd,hh8Ojh1R4OjJ1R4Ojh1R1Gcbm2OjJ1R4Ojh1R0,9,17+10,17,10,27,3775,2CQIQv2L1DTr2L1hur2L3o2L6o0,47,2549258,https://trainyard.ca/solutions/jagd,https://trainyard.ca/2gwUu,https://s3.amazonaws.com/TrainyardSiteMisc/images/puzzles/jagd_thumb.png,https://trainyard.ca/bonusSolutions,ok
Bonus,Peterborough,10,2,1,A Barrel Roll,aBarrelRoll,hh06OEqq1Odbb5GpbN5Ovbb1Omqq0,12,24+12,24,12,36,4193,8CQQIzvCV3lrhL3Kt1J1J1pt1huRQQo,112,2550188,https://trainyard.ca/solutions/aBarrelRoll,https://trainyard.ca/2gxd6,https://s3.amazonaws.com/TrainyardSiteMisc/images/puzzles/aBarrelRoll_thumb.png,https://trainyard.ca/bonusSolutions,ok
Bonus,Peterborough,11,2,2,Klickers,klickers,hhRGcbA5OvboR7R7R7R7R,6,24+5,24,5,29,2340,2v6hv3Kv1hv2HEv1hv1hunv1hv3hv1J4hQo,27,4253,https://trainyard.ca/solutions/klickers,https://trainyard.ca/3mX,https://s3.amazonaws.com/TrainyardSiteMisc/images/puzzles/klickers_thumb.png,https://trainyard.ca/bonusSolutions,ok
Bonus,Peterborough,12,2,3,Hazard,hazard,hhROsh7R1R1Oah6RR2R2OBh5R1Ojh2R8RGbah,8,19+5,19,5,24,1912,5Cv1J3J2J2CM2lv1lu2JhQA3o2hQv,11,2552,https://trainyard.ca/solutions/hazard,https://trainyard.ca/2PA,https://s3.amazonaws.com/TrainyardSiteMisc/images/puzzles/hazard_thumb.png,https://trainyard.ca/bonusSolutions,ok
Bonus,Peterborough,13,2,4,Squelchen,squelchen,hh5GibDR5ROtO2RPao5Pck1Pew5PboR2ObOR5RGcbc,11,21+9,21,9,30,2220,1CQBQ3NQA3Ct4JJN1P1Qomnv6Ko5o,54,2527978,https://trainyard.ca/solutions/squelchen,https://trainyard.ca/2gq8u,https://s3.amazonaws.com/TrainyardSiteMisc/images/puzzles/squelchen_thumb.png,https://trainyard.ca/bonusSolutions,ok
Bonus,Peterborough,14,2,5,Mini-Yo-We,miniyowe,hh04OjC1PawPcw2GiaJOjC1PcwPaw2GiaJOjC1PawPcw2GiaJ0,11,13+7,13,7,20,2652,05Q2zQ2I2uz2p2QP5Ct5ho,15,1511610,https://trainyard.ca/solutions/miniyowe,https://trainyard.ca/2aC34,https://s3.amazonaws.com/TrainyardSiteMisc/images/puzzles/miniyowe_thumb.png,https://trainyard.ca/bonusSolutions,ok
Bonus,Peterborough,15,2,6,Asymmetric,asymmetric,hh02Geaa4Sa3Oav1RRR1Osv3Sc4Gbah0,11,15+5,15,5,20,2036,04Cv3J2J3J2lB1IxJ2hjoho,13,2708,https://trainyard.ca/solutions/asymmetric,https://trainyard.ca/2Sn,https://s3.amazonaws.com/TrainyardSiteMisc/images/puzzles/asymmetric_thumb.png,https://trainyard.ca/bonusSolutions,ok
Bonus,Peterborough,16,2,7,Lorne Park,lornePark,hhOja5OBoOjh5OBhOjo5OBa3Gecbo3Ojo5OBaOjh5OBhOja5OBo,12,24+17,24,17,41,3418,1v3C2M3N2M3N2lv1Cx2LKjLK2LhIMK2o1hpp,34,717068,https://trainyard.ca/solutions/lornePark,https://trainyard.ca/66EN,https://s3.amazonaws.com/TrainyardSiteMisc/images/puzzles/lornePark_thumb.png,https://trainyard.ca/bonusSolutions,ok
Bonus,Peterborough,17,2,8,Adama,adama,hh4OsC1OBvGcaaSa0SaGiahGcahSa0SaGiaaGcaaSa5Gcav4SaGiao,13,24+12,24,12,36,2748,1Cv2C3kQMJ2CA1N4M1Kv2Ct1K4kQkv2QSQj,26,1291172,https://trainyard.ca/solutions/adama,https://trainyard.ca/9mJE,https://s3.amazonaws.com/TrainyardSiteMisc/images/puzzles/adama_thumb.png,https://trainyard.ca/bonusSolutions,ok
Bonus,Peterborough,18,2,9,Tonelympics,tonelympics,hhRGcav5OsaRGcaJ5OshRGcav5OsoRGcaJ5OsaR7R,13,24+10,24,10,34,3071,2Qv6RFQvJ3jBLhM3pM1hM3J2hM2J3hQQo,24,2732502,https://trainyard.ca/solutions/tonelympics,https://trainyard.ca/2hzkG,https://s3.amazonaws.com/TrainyardSiteMisc/images/puzzles/tonelympics_thumb.png,https://trainyard.ca/bonusSolutions,ok
Bonus,Quebec City,19,3,1,Picnic,picnic,hh04Oka5GiavOki5GibOOkq5GiaC0,7,13+9,13,9,22,2423,05v1CIB2A1JlV2nQunS0,14,611433,https://trainyard.ca/solutions/picnic,https://trainyard.ca/5uYt,https://s3.amazonaws.com/TrainyardSiteMisc/images/puzzles/picnic_thumb.png,https://trainyard.ca/bonusSolutions,ok
Bonus,Quebec City,20,3,2,Spindle,spindle,hh01R3RGbaCOaaGcao4OBhROjC4GiaaOsoGeahR3R6R,8,22+8,22,8,30,1128,Cv1CQv1NRUr1J1J4M1hT3jv1h4J3hRQo,21,2747,https://trainyard.ca/solutions/spindle,https://trainyard.ca/2T5,https://s3.amazonaws.com/TrainyardSiteMisc/images/puzzles/spindle_thumb.png,https://trainyard.ca/bonusSolutions,ok
Bonus,Quebec City,21,3,3,Fire Eyed,fireEyed,hh3Geav3Oah5Oaa8OBa3Ojh8Osh5Osa3Gbav,7,30+8,30,8,38,1067,Cv3Cv1hQACo4No2C1CM2vhISjQBo1KQv1J1ho3ho,14,1141885,https://trainyard.ca/solutions/fireEyed,https://trainyard.ca/8w8P,https://s3.amazonaws.com/TrainyardSiteMisc/images/puzzles/fireEyed_thumb.png,https://trainyard.ca/bonusSolutions,ok
Bonus,Quebec City,22,3,4,Rebelt,rebelt,hh2GeahGebqGeav09ScPdx9OjC5OBC,10,16+11,16,11,27,2659,9NVo4Ho4Cj5DUnr3nnQjQ,27,2549683,https://trainyard.ca/solutions/rebelt,https://trainyard.ca/2gx45,https://s3.amazonaws.com/TrainyardSiteMisc/images/puzzles/rebelt_thumb.png,https://trainyard.ca/bonusSolutions,ok
Bonus,Quebec City,23,3,5,RGB,rgb,hh04GbaoGbaCGbaa1GbaaGbaCGbaoOsaOsCOso1OsoOsCOsa0,11,19+11,19,11,30,2318,7CUUzTBv3J6J3hRnjkRA4hQo,15,4124,https://trainyard.ca/solutions/rgb,https://trainyard.ca/3jE,https://s3.amazonaws.com/TrainyardSiteMisc/images/puzzles/rgb_thumb.png,https://trainyard.ca/bonusSolutions,ok
Bonus,Quebec City,24,3,6,Dr. Linus,drLinus,hh0GbaJ5ObiROba3RRRRR3OsaROso5Geby0,11,23+12,23,12,35,2162,1CzBv2Cnr1J2J6J6J6hIM1HUv1hpSRSo,34,2682770,https://trainyard.ca/solutions/drLinus,https://trainyard.ca/2hhuC,https://s3.amazonaws.com/TrainyardSiteMisc/images/puzzles/drLinus_thumb.png,https://trainyard.ca/bonusSolutions,ok
Bonus,Quebec City,25,3,7,Glockenspiel,glockenspiel,hhPbj2Sc2OuGC04Sb2Gpiacqih2Sd04Pcb2Sa2Pav,11,13+5,13,5,18,2644,02Co4CPv4rD5hwt5JJ5h,24,3017,https://trainyard.ca/solutions/glockenspiel,https://trainyard.ca/2XT,https://s3.amazonaws.com/TrainyardSiteMisc/images/puzzles/glockenspiel_thumb.png,https://trainyard.ca/bonusSolutions,ok
Bonus,Quebec City,26,3,8,Jamboree,jamboree,hhPcj03PcoGebp6SdGfaCOmaa3PboGbbp02Pbb,12,19+9,19,9,28,2172,1v5KRv6hQTv1D3LJ3NQSo1DIo5o,30,1119194,https://trainyard.ca/solutions/jamboree,https://trainyard.ca/8nTC,https://s3.amazonaws.com/TrainyardSiteMisc/images/puzzles/jamboree_thumb.png,https://trainyard.ca/bonusSolutions,ok
Bonus,Quebec City,27,3,9,Licorice Allsorts,licoriceAllsorts,hh001GbaJGbaCGbavGbaoGbahGbaa1OsaOshOsoOsvOsCOsJ0,13,23+15,23,15,38,2571,Cv5DRUUv2KIPtKBv6J6JhRRRRRo,26,979800,https://trainyard.ca/solutions/licoriceAllsorts,https://trainyard.ca/7Ass,https://s3.amazonaws.com/TrainyardSiteMisc/images/puzzles/licoriceAllsorts_thumb.png,https://trainyard.ca/bonusSolutions,ok
Bonus,Regina,28,4,1,Sangre Grande,sangreGrande,hh8OsaOsaOsaOsaOao009GbbJ,7,16+7,16,7,23,1894,5Cv6J1NsSSQo1DM5JJ4Cno0,20,658667,https://trainyard.ca/solutions/sangreGrande,https://trainyard.ca/5L3V,https://s3.amazonaws.com/TrainyardSiteMisc/images/puzzles/sangreGrande_thumb.png,https://trainyard.ca/bonusSolutions,ok
Bonus,Regina,29,4,2,The Variable,theVariable,hh8Oka3OBa9Giav3Gcbb9Ojh3OCi,7,18+6,18,6,24,1306,9UFQ2CQMmQQvh1hr2o3J5QpQ,14,5494,https://trainyard.ca/solutions/theVariable,https://trainyard.ca/3L8,https://s3.amazonaws.com/TrainyardSiteMisc/images/puzzles/theVariable_thumb.png,https://trainyard.ca/bonusSolutions,ok
Bonus,Regina,30,4,3,Orff,orff,hhGeaaGeahGeah1GeahGeahGeao05Sc3Sc05OaaOahOao1OaaOahOao,8,23+15,23,15,38,2238,7hRRFSuo3J3C1vDv2DSRRL2KBv1KBv,30,2572683,https://trainyard.ca/solutions/orff,https://trainyard.ca/2gEnM,https://s3.amazonaws.com/TrainyardSiteMisc/images/puzzles/orff_thumb.png,https://trainyard.ca/bonusSolutions,ok
Bonus,Regina,31,4,4,Somewhere,somewhere,hhGcfdlt5Pax5Pfc5Pco5Pec5Pbo5Pdc5Pab5Ofdlt,10,22+12,22,12,34,2196,1QTBzT3Dnx1J2J2HM2J1hSL6J2hQQQM,29,2556147,https://trainyard.ca/solutions/somewhere,https://trainyard.ca/2gz7v,https://s3.amazonaws.com/TrainyardSiteMisc/images/puzzles/somewhere_thumb.png,https://trainyard.ca/bonusSolutions,ok
Bonus,Regina,32,4,5,U-Sector,usector,hh9RRRR1OaJGbav5RR2Sb2OsCGebq7RRRR,11,27+9,27,9,36,727,CzQQQQvlt4J4CIo5r5hnvNL4JhnQQQQo,29,1263426,https://trainyard.ca/solutions/usector,https://trainyard.ca/9cTc,https://s3.amazonaws.com/TrainyardSiteMisc/images/puzzles/usector_thumb.png,https://trainyard.ca/bonusSolutions,ok
Bonus,Regina,33,4,6,Taking Trash,takingTrash,hhOja6Ojh6Ojo9Sa9Giaa6GiahGdcWQ5Giao,11,18+11,18,11,29,2527,1Uv5VM5swv4HS1Qv1CL3K1lo3m6h,42,2533338,https://trainyard.ca/solutions/takingTrash,https://trainyard.ca/2grQc,https://s3.amazonaws.com/TrainyardSiteMisc/images/puzzles/takingTrash_thumb.png,https://trainyard.ca/bonusSolutions,ok
Bonus,Regina,34,4,7,The Quotient,theQuotient,hh2Gedqa1GebD08Sc1Sc06Oav1OaJ1OaC1OaC,12,19+8,19,8,27,2577,9mzo3CSL4h1o5KvCQvCQPjx1J,14,2729010,https://trainyard.ca/solutions/theQuotient,https://trainyard.ca/2hyek,https://s3.amazonaws.com/TrainyardSiteMisc/images/puzzles/theQuotient_thumb.png,https://trainyard.ca/bonusSolutions,ok
Bonus,Regina,35,4,8,Trinidad,trinidad,hhOja5OBh0Sd3GcaC1ScGpdbpSa5Sb0Ojo5OBC,13,19+9,19,9,28,2688,1UQzQQ2NTr4mS5p7J5Co5pQQQQ,21,2468204,https://trainyard.ca/solutions/trinidad,https://trainyard.ca/2g556,https://s3.amazonaws.com/TrainyardSiteMisc/images/puzzles/trinidad_thumb.png,https://trainyard.ca/bonusSolutions,ok
Bonus,Regina,36,4,9,The Denominator,theDenominator,hh06ScGkbcSc08Oah1Oah2ROavROaCROavGbah,15,23+14,23,14,37,3108,7Cv5HS3v1hIRTPr1CnIEskvhv1J1DL,27,2441273,https://trainyard.ca/solutions/theDenominator,https://trainyard.ca/2fUub,https://s3.amazonaws.com/TrainyardSiteMisc/images/puzzles/theDenominator_thumb.png,https://trainyard.ca/bonusSolutions,ok
Bonus,St. John's,37,5,1,Back To Basics,backToBasics,hh05Obi1ROso08Osa4GcdyG,6,16+4,16,4,20,1579,8Cv6J6lvJ3CSjx3J1Co3oho,13,1284337,https://trainyard.ca/solutions/backToBasics,https://trainyard.ca/9jyB,https://s3.amazonaws.com/TrainyardSiteMisc/images/puzzles/backToBasics_thumb.png,https://trainyard.ca/bonusSolutions,ok
Bonus,St. John's,38,5,2,The Constant,theConstant,hh8Oka3OBa2RR1RR2GiavR1RGcbb2RR1RR2Ojh3OCi,8,29+8,29,8,37,620,2CQQQv2SFQ1J3J2JC2J2rJ2J2JJ1IAC1JhQnupQo,14,2520955,https://trainyard.ca/solutions/theConstant,https://trainyard.ca/2gmT5,https://s3.amazonaws.com/TrainyardSiteMisc/images/puzzles/theConstant_thumb.png,https://trainyard.ca/bonusSolutions,ok
Bonus,St. John's,39,5,3,Willow,willow,hh3Gebo00001Ohoooo,9,10+6,10,6,16,2456,0Hv5Kr5Ho5Nv5mo,21,1874013,https://trainyard.ca/solutions/willow,https://trainyard.ca/2cFAx,https://s3.amazonaws.com/TrainyardSiteMisc/images/puzzles/willow_thumb.png,https://trainyard.ca/bonusSolutions,ok
Bonus,St. John's,40,5,4,Conquistador,conquistador,hh05Glao3OBCPao1GkaJ3OCG2Goaa3OBCPco0,12,18+10,18,10,28,1770,0CUQv2vlS4kVz1J2nrH5hnQo,29,2121500,https://trainyard.ca/solutions/conquistador,https://trainyard.ca/2e6vW,https://s3.amazonaws.com/TrainyardSiteMisc/images/puzzles/conquistador_thumb.png,https://trainyard.ca/bonusSolutions,ok
Bonus,St. John's,41,5,5,Squier,squier,hh6OsC07Sb07GdbG,12,14+5,14,5,19,1091,02Co2CIzo3J1t2CQuno2J0,18,795312,https://trainyard.ca/solutions/squier,https://trainyard.ca/6xC2,https://s3.amazonaws.com/TrainyardSiteMisc/images/puzzles/squier_thumb.png,https://trainyard.ca/bonusSolutions,ok
Bonus,St. John's,42,5,6,Oakwood Ave,oakwoodAve,hhGcaJ2Sc2OBv04PacRRRRRPcc04Ojv2Sa2GiaJ,12,24+9,24,9,33,1555,1v3C2J3J1CjQQQnv7hv4J1HUvCUo1jn1Ru,20,843885,https://trainyard.ca/solutions/oakwoodAve,https://trainyard.ca/6P7p,https://s3.amazonaws.com/TrainyardSiteMisc/images/puzzles/oakwoodAve_thumb.png,https://trainyard.ca/bonusSolutions,ok
Bonus,St. John's,43,5,7,Erindale,erindale,hh8Oaa4Gbaa1Ojv4GiaCGfbiOjh2Sd1Giah1OjC4Giav1Oso4Geao,13,31+14,31,14,45,1846,CIQQTQvJ3J2J1v1NF3VI1K1J1nPPu1J2ht2hnQQSQo,19,212891,https://trainyard.ca/solutions/erindale,https://trainyard.ca/3dTD,https://s3.amazonaws.com/TrainyardSiteMisc/images/puzzles/erindale_thumb.png,https://trainyard.ca/bonusSolutions,ok
Bonus,Toronto,44,6,1,Slice of Life,sliceOfLife,hh1OjC1Osa09SaSd00GbdmK,13,17+10,17,10,27,2418,2v6hM4Czsv3D2J3DzpA3hpzo,20,816931,https://trainyard.ca/solutions/sliceOfLife,https://trainyard.ca/6Ew5,https://s3.amazonaws.com/TrainyardSiteMisc/images/puzzles/sliceOfLife_thumb.png,https://trainyard.ca/bonusSolutions,ok
Bonus,Toronto,45,6,2,Mr. Morgan,mrMorgan,hhGcdaaSc04OaC1Pax5Oav5Sb1Oao4Gbdaa4Gbcaa,13,24+8,24,8,32,2288,2v5JDFQv2J1D1J2hv1lr4v1J1Cv1DBo2hQpo,118,818146,https://trainyard.ca/solutions/mrMorgan,https://trainyard.ca/6ETL,https://s3.amazonaws.com/TrainyardSiteMisc/images/puzzles/mrMorgan_thumb.png,https://trainyard.ca/bonusSolutions,ok
Bonus,Toronto,46,6,3,Chief,chief,hh02OBh3R1RGeaaGeahSb5Sd1GiahR4GbaaOjv0,15,19+8,19,8,27,2051,7Cv1CQ2lA1J4nQSBS1m2CjQo2Qo0,33,1384156,https://trainyard.ca/solutions/chief,https://trainyard.ca/9Tp6,https://s3.amazonaws.com/TrainyardSiteMisc/images/puzzles/chief_thumb.png,https://trainyard.ca/bonusSolutions,ok
Bonus,Toronto,47,6,4,Waterfall,waterfall,hhOsoROsoROsoROso1Oso1Oso1Oso0002Gbao,7,17+10,17,10,27,1601,7J1J1J1JhnANSuo2DA5mt5ht0,13,1207550,https://trainyard.ca/solutions/waterfall,https://trainyard.ca/8T5q,https://s3.amazonaws.com/TrainyardSiteMisc/images/puzzles/waterfall_thumb.png,https://trainyard.ca/bonusSolutions,ok
Bonus,Toronto,48,6,5,Volcano,volcano,hh9OBa1Oja4ROaaR4OBaROja5Osa03Gbaa,12,22+10,22,10,32,2414,CIQIQv1hV1J1A2J3lv1h3AJ5Nx3lQjo,18,2703863,https://trainyard.ca/solutions/volcano,https://trainyard.ca/2hqdh,https://s3.amazonaws.com/TrainyardSiteMisc/images/puzzles/volcano_thumb.png,https://trainyard.ca/bonusSolutions,ok
Bonus,Toronto,49,6,6,Norwich,norwich,hh3Pew6Pcw6R3GcaJ2R1OEffGfbG3R6Pbw6Pfw,10,18+5,18,5,23,1382,2C1QQv2J3J2J3J1Ft1C3hA1J4m1t4h1o,22,233072,https://trainyard.ca/solutions/norwich,https://trainyard.ca/3kk2,https://s3.amazonaws.com/TrainyardSiteMisc/images/puzzles/norwich_thumb.png,https://trainyard.ca/bonusSolutions,ok
Bonus,Toronto,50,6,7,Three Below,threeBelow,hh2GeaJOvyyGeaC000RRPaoPboPcoRRRR3RR,13,13+7,13,7,20,1731,9HSo4Kv5Nt5JKv01hSo,20,2354981,https://trainyard.ca/solutions/threeBelow,https://trainyard.ca/2fqXf,https://s3.amazonaws.com/TrainyardSiteMisc/images/puzzles/threeBelow_thumb.png,https://trainyard.ca/bonusSolutions,ok
Bonus,Uxbridge,51,7,1,Mockingbird,mockingbird,hh1GiavR2GiavGeao2R6Sc4RRSb3OEEx2Sa6R5GiaCR2GiaCGbao,15,30+16,30,16,46,1933,C3C2Hv1CACohu1nEx4QMN1CB1vmt1mo1Hwjvh2hu,18,875994,https://trainyard.ca/solutions/mockingbird,https://trainyard.ca/6ZkL,https://s3.amazonaws.com/TrainyardSiteMisc/images/puzzles/mockingbird_thumb.png,https://trainyard.ca/bonusSolutions,ok
Bonus,Uxbridge,52,7,2,Drummer Boy,drummerBoy,hhPap4ScGibq6R5SaGibqOjh4PbwGiah5ScGiba6RPch4SaGiba,12,24+12,24,12,36,1848,1zQQz2hM2lr2J2l3t2h3mQQz2Co2lr2QQQn,62,1199198,https://trainyard.ca/solutions/drummerBoy,https://trainyard.ca/8Qqg,https://s3.amazonaws.com/TrainyardSiteMisc/images/puzzles/drummerBoy_thumb.png,https://trainyard.ca/bonusSolutions,ok
Bonus,Uxbridge,53,7,3,Forest Ave,forestAve,hhGcaC5OBoGcaC5OBoGcaC5OBoGcaC2Pbo2OBhGcaC5OBoGcaC5OBoGcaC5OBo,12,25+17,25,17,42,1609,1v3C2M1CvH2nzEVS2It1hT2LmL1m2Ppo1m2o3h,15,2666517,https://trainyard.ca/solutions/forestAve,https://trainyard.ca/2hcip,https://s3.amazonaws.com/TrainyardSiteMisc/images/puzzles/forestAve_thumb.png,https://trainyard.ca/bonusSolutions,ok
Bonus,Uxbridge,54,7,4,Parachute,parachute,hhOjJ5OBJGcah5GiaC2Pco1Pao5R5Peo1Pbo2Gcaa5GiaoOjJ5OBJ,13,26+14,26,14,40,1322,1Qv1CF2IVQrH2J3J2Hx1lt2J3J2tlQPu2po1hQ,15,1208764,https://trainyard.ca/solutions/parachute,https://trainyard.ca/8Tt6,https://s3.amazonaws.com/TrainyardSiteMisc/images/puzzles/parachute_thumb.png,https://trainyard.ca/bonusSolutions,ok
Bonus,Uxbridge,55,7,5,The Quest,theQuest,hhGeah4GeaoGeaJSb02Peo03SdSb6Gbaa4GbaoOaJ,13,22+15,22,15,37,1696,8FUQTSxDpo1J2J3mIAmv2HR2o2hBx,35,2737283,https://trainyard.ca/solutions/theQuest,https://trainyard.ca/2hAS5,https://s3.amazonaws.com/TrainyardSiteMisc/images/puzzles/theQuest_thumb.png,https://trainyard.ca/bonusSolutions,ok
Bonus,Uxbridge,56,7,6,Kes,kes,hhGeah2Geaa2Geao04PcoPaoPaoPaoPaoPaoPbo04GbahOaJOaJOaJOaJOaJGbao,15,24+15,24,15,39,1715,7J2J2JlQQVUUr7hQQnRuMCIUIUIL,25,2663936,https://trainyard.ca/solutions/kes,https://trainyard.ca/2hbui,https://s3.amazonaws.com/TrainyardSiteMisc/images/puzzles/kes_thumb.png,https://trainyard.ca/bonusSolutions,ok
Bonus,Vancouver,57,8,1,Exhibition Station,exhibitionStation,hh9RRR4GebtRGebw5R3Oty2R2OtO3R3Pbh2R2Pcv,20,25+12,25,12,37,2279,1CQQQv2J3J2J3J2KL1Dx2mo1mo1mL2Hzx1o2hp,41,1138881,https://trainyard.ca/solutions/exhibitionStation,https://trainyard.ca/8vbb,https://s3.amazonaws.com/TrainyardSiteMisc/images/puzzles/exhibitionStation_thumb.png,https://trainyard.ca/bonusSolutions,ok
Bonus,Vancouver,58,8,2,Transmogrify,transmogrify,hhOjC3GcaJ2OjC3Giav2OjC3GcaJ2OjC3Giav6R6RPdoPfo,20,22+10,22,10,32,2509,1Qv2v2FuQ1J2A3A2nQz1lv3J1HL3J6hQSo,29,973354,https://trainyard.ca/solutions/transmogrify,https://trainyard.ca/7ypk,https://s3.amazonaws.com/TrainyardSiteMisc/images/puzzles/transmogrify_thumb.png,https://trainyard.ca/bonusSolutions,ok
Bonus,Vancouver,59,8,3,Magic Carpet,magicCarpet,hh01OBaR4OBhROsa3OBCROsh3OBoROsC4ROso0Gjdbs,20,26+13,26,13,39,1731,2CFQQv2lp2J1Cj3JCp3lAh3lLJ3Duwt2ho1h,21,1311451,https://trainyard.ca/solutions/magicCarpet,https://trainyard.ca/9ucM,https://s3.amazonaws.com/TrainyardSiteMisc/images/puzzles/magicCarpet_thumb.png,https://trainyard.ca/bonusSolutions,ok
Bonus,Vancouver,60,8,4,Drop Off,dropOff,hh04GcdaaSc4OBa6GiavGcdiiSa4OBh0,15,19+15,19,15,34,1443,9CBBv3Vuuw2Dx2D3wBBP3huuo,41,1602137,https://trainyard.ca/solutions/dropOff,https://trainyard.ca/2b8TB,https://s3.amazonaws.com/TrainyardSiteMisc/images/puzzles/dropOff_thumb.png,https://trainyard.ca/bonusSolutions,ok
Bonus,Vancouver,61,8,5,Doppelganger,doppelganger,hh04Oja1Oja1Giaa1OBaOjC1Giah1Ojh1GiaCOjo1Ojo1Giao1OBo0,20,26+18,26,18,44,1403,2CQzv2CpFjx2t1p1m2k3s2A1z1H2lzpFo2hjQo,20,1687183,https://trainyard.ca/solutions/doppelganger,https://trainyard.ca/2bC2h,https://s3.amazonaws.com/TrainyardSiteMisc/images/puzzles/doppelganger_thumb.png,https://trainyard.ca/bonusSolutions,ok
Bonus,Whitehorse,62,9,1,Circle Square,circleSquare,hh06OBo1OjC2Gccbo2Sd2Gicbo2OBv1Oja0,25,25+11,25,11,36,1910,2CQv3CRUuv2h1J1A2FQ2N2m1J1M2hTRUo3hQo,55,2451996,https://trainyard.ca/solutions/circleSquare,https://trainyard.ca/2fXTE,https://s3.amazonaws.com/TrainyardSiteMisc/images/puzzles/circleSquare_thumb.png,https://trainyard.ca/bonusSolutions,ok
Bonus,Whitehorse,63,9,2,Indusblue,indusblue,hhOjh2Osh2OBh04Ojh2GphWWWW2OBh04Ojh2Oao2OBh,25,23+11,23,11,34,2224,1v3C2lQM1J2J1DFA2o2MH4hLJ2CQIjx2o3h,15,2647565,https://trainyard.ca/solutions/indusblue,https://trainyard.ca/2h6fX,https://s3.amazonaws.com/TrainyardSiteMisc/images/puzzles/indusblue_thumb.png,https://trainyard.ca/bonusSolutions,ok
Bonus,Whitehorse,64,9,3,Bramblewood Lane,bramblewoodLane,hhGcbi2R3Osa2R1Pcw4R3Oka9R3Oaa2R1Pbw1Gcbq2R,30,26+10,26,10,36,2865,1Qv6J1C1vhFA1J1J1ADQx1JCwt1J1J1NM1h1o1no,51,953993,https://trainyard.ca/solutions/bramblewoodLane,https://trainyard.ca/7sdB,https://s3.amazonaws.com/TrainyardSiteMisc/images/puzzles/bramblewoodLane_thumb.png,https://trainyard.ca/bonusSolutions,ok
Bonus,Whitehorse,65,9,4,Turing,turing,hh6GmcGC0Pbo3Ojh2Sd6Gbcih06Ocqo,25,17+10,17,10,27,1837,5C3CIQRx2J2CM1Qn2Ht5HA5ht,44,1293128,https://trainyard.ca/solutions/turing,https://trainyard.ca/9nmA,https://s3.amazonaws.com/TrainyardSiteMisc/images/puzzles/turing_thumb.png,https://trainyard.ca/bonusSolutions,ok
Bonus,Whitehorse,66,9,5,Focus Pocus,focusPocus,hh05Otb1Oto1Otp9Gbby1GbbO1GbbG0,20,27+11,27,11,38,1220,1CvCv2CpVoJ2J1J1J2hEjwswv4J1J4KFL4hjo,17,1619287,https://trainyard.ca/solutions/focusPocus,https://trainyard.ca/2bemR,https://s3.amazonaws.com/TrainyardSiteMisc/images/puzzles/focusPocus_thumb.png,https://trainyard.ca/bonusSolutions,ok
Express,British Columbia,1,1,1,Green Line,greenLine,hh002OjC3GiaC00,1,3+0,3,0,3,33200,003QQQ00,4,6604,https://trainyard.ca/solutions/greenLine,https://trainyard.ca/47W,https://s3.amazonaws.com/TrainyardSiteMisc/images/puzzles/greenLine_thumb.png,https://trainyard.ca/expressSolutions,ok
Express,British Columbia,2,1,2,The Three,theThree,hh3Osh5Osa1Oso005Gbaa1Gbao5Gbah,1,10+2,10,2,12,8262,0J5HoJ4J1J4KvJ5J0,8,232900,https://trainyard.ca/solutions/theThree,https://trainyard.ca/3kgW,https://s3.amazonaws.com/TrainyardSiteMisc/images/puzzles/theThree_thumb.png,https://trainyard.ca/expressSolutions,ok
Express,British Columbia,3,1,3,Pure Magic,pureMagic,hh3OsC07OjC5GiaC07GbaC,1,9+1,9,1,10,7140,0J6J4QQkQQ4J6J0,6,6622,https://trainyard.ca/solutions/pureMagic,https://trainyard.ca/48g,https://s3.amazonaws.com/TrainyardSiteMisc/images/puzzles/pureMagic_thumb.png,https://trainyard.ca/expressSolutions,ok
Express,British Columbia,4,1,4,Two Liner,twoLiner,hh0GiaC01OaC3Geaa01Oja0,1,6+0,6,0,6,8109,8CQ5J06Co5o,4,8711,https://trainyard.ca/solutions/twoLiner,https://trainyard.ca/4Mz,https://s3.amazonaws.com/TrainyardSiteMisc/images/puzzles/twoLiner_thumb.png,https://trainyard.ca/expressSolutions,ok
Express,British Columbia,5,1,5,The Little One,theLittleOne,hh004OaJ6GeaJ0,1,6+0,6,0,6,13476,06Cv5J6J6ho0,7,6205,https://trainyard.ca/solutions/theLittleOne,https://trainyard.ca/3YP,https://s3.amazonaws.com/TrainyardSiteMisc/images/puzzles/theLittleOne_thumb.png,https://trainyard.ca/expressSolutions,ok
Express,Alberta,6,2,1,A Hard Place,aHardPlace,hh001Oja2R2Giaa00,1,7+0,7,0,7,7746,002Qv1CQ3hQo0,8,9109,https://trainyard.ca/solutions/aHardPlace,https://trainyard.ca/4UF,https://s3.amazonaws.com/TrainyardSiteMisc/images/puzzles/aHardPlace_thumb.png,https://trainyard.ca/expressSolutions,ok
Express,Alberta,7,2,2,You Did,youDid,hhGcah6RRRRRR1Ojh09Giaa1RRRRRR6OBa,1,25+2,25,2,27,4267,1QQQQQv6J1v3Co1DQQQr1Co3h1J6hQQQQQ,16,425325,https://trainyard.ca/solutions/youDid,https://trainyard.ca/4rD7,https://s3.amazonaws.com/TrainyardSiteMisc/images/puzzles/youDid_thumb.png,https://trainyard.ca/expressSolutions,ok
Express,Alberta,8,2,3,Traveller,traveller,hhOjo2R8R2R9R7R3R0Gjao,1,11+0,11,0,11,8427,1Qv6hQv6hQv6J6J6J,12,41372,https://trainyard.ca/solutions/traveller,https://trainyard.ca/2fcN,https://s3.amazonaws.com/TrainyardSiteMisc/images/puzzles/traveller_thumb.png,https://trainyard.ca/expressSolutions,ok
Express,Alberta,9,2,4,In The Middle,inTheMiddle,hh8OaJ7Ojh05Giah7GeaJ,1,11+2,11,2,13,8944,1CQv6J6A6J6m6hv6ho,12,205505,https://trainyard.ca/solutions/inTheMiddle,https://trainyard.ca/3bxK,https://s3.amazonaws.com/TrainyardSiteMisc/images/puzzles/inTheMiddle_thumb.png,https://trainyard.ca/expressSolutions,ok
Express,Alberta,10,2,5,Foray,foray,hhOjh5OBa07Gpdhs07Ojo5OBC,2,16+2,16,2,18,13230,1QFQQQ3hv6J03J5Co4QjQQQ,8,2466347,https://trainyard.ca/solutions/foray,https://trainyard.ca/2g4tV,https://s3.amazonaws.com/TrainyardSiteMisc/images/puzzles/foray_thumb.png,https://trainyard.ca/expressSolutions,ok
Express,Alberta,11,2,6,No Touching,noTouching,hh3Osa07Gcah5OBh07Gbaa,2,10+2,10,2,12,7483,0hv6J3QQUSQ4J6J0,8,301869,https://trainyard.ca/solutions/noTouching,https://trainyard.ca/3Jgx,https://s3.amazonaws.com/TrainyardSiteMisc/images/puzzles/noTouching_thumb.png,https://trainyard.ca/expressSolutions,ok
Express,Alberta,12,2,7,Two For Two,twoForTwo,hh6RR1R8R2R2R5R3R2R4GbbG2R2ObG,1,15+0,15,0,15,7516,0CQv2CQo1J2J3J1Co3J1J4hv,17,6612,https://trainyard.ca/solutions/twoForTwo,https://trainyard.ca/486,https://s3.amazonaws.com/TrainyardSiteMisc/images/puzzles/twoForTwo_thumb.png,https://trainyard.ca/expressSolutions,ok
Express,Saskatchewan,13,3,1,Bluesy,bluesy,hh8Giao3Gcao005Obq0,2,11+1,11,1,12,9401,7C5vhQQFQQo3J6J0,9,6828,https://trainyard.ca/solutions/bluesy,https://trainyard.ca/4bW,https://s3.amazonaws.com/TrainyardSiteMisc/images/puzzles/bluesy_thumb.png,https://trainyard.ca/expressSolutions,ok
Express,Saskatchewan,14,3,2,Lantern,lantern,hh0Geav03GbaC6Otz0,2,6+1,6,1,7,9021,06Cr5J6J6ho0,8,9783,https://trainyard.ca/solutions/lantern,https://trainyard.ca/58H,https://s3.amazonaws.com/TrainyardSiteMisc/images/puzzles/lantern_thumb.png,https://trainyard.ca/expressSolutions,ok
Express,Saskatchewan,15,3,3,Boom Bah,boomBah,hh6Geaa04Oth2Gpbi2Obb04Gbaa,3,10+2,10,2,12,7703,03J3CQQM1CQ4mo5J0,6,9763,https://trainyard.ca/solutions/boomBah,https://trainyard.ca/58m,https://s3.amazonaws.com/TrainyardSiteMisc/images/puzzles/boomBah_thumb.png,https://trainyard.ca/expressSolutions,ok
Express,Saskatchewan,16,3,4,Red Green,redGreen,hhGeaa1GeaC1Geaa1GeaC0008OdeC,3,11+3,11,3,14,11940,7hQRzSQo3J6J6J6J0,10,6824,https://trainyard.ca/solutions/redGreen,https://trainyard.ca/4bS,https://s3.amazonaws.com/TrainyardSiteMisc/images/puzzles/redGreen_thumb.png,https://trainyard.ca/expressSolutions,ok
Express,Manitoba,17,4,1,Yellow Triangle,yellowTriangle,hhOsh1Osh3Geah0000,3,9+2,9,2,11,8867,7hQPIQQo2ho000,8,6823,https://trainyard.ca/solutions/yellowTriangle,https://trainyard.ca/4bR,https://s3.amazonaws.com/TrainyardSiteMisc/images/puzzles/yellowTriangle_thumb.png,https://trainyard.ca/expressSolutions,ok
Express,Manitoba,18,4,2,Purpeller,purpeller,hhOsJ4RR6R00OBJR5GeaJRR,3,13+3,13,3,16,7215,7hQQv6Dv5hnv6m6J6ho,1,2798149,https://trainyard.ca/solutions/purpeller,https://trainyard.ca/2hWgX,https://s3.amazonaws.com/TrainyardSiteMisc/images/puzzles/purpeller_thumb.png,https://trainyard.ca/expressSolutions,ok
Express,Manitoba,19,4,3,Reflection,reflection,hhOsa5Gmao7Osa09Oao7Gdaa5Oao,3,16+6,16,6,22,7697,7hv4J1J3CAHr3Dtmo3J1J4hv,8,6821,https://trainyard.ca/solutions/reflection,https://trainyard.ca/4bP,https://s3.amazonaws.com/TrainyardSiteMisc/images/puzzles/reflection_thumb.png,https://trainyard.ca/expressSolutions,ok
Express,Manitoba,20,4,4,Combinellow,combinellow,hhR5GeahR6Ojh6R6Ojh6R6RROahROahRR,3,14+3,14,3,17,10276,01CQo1v1Co3DQL4o1J5Cjv,10,12781,https://trainyard.ca/solutions/combinellow,https://trainyard.ca/66f,https://s3.amazonaws.com/TrainyardSiteMisc/images/puzzles/combinellow_thumb.png,https://trainyard.ca/expressSolutions,ok
Express,Manitoba,21,4,5,Colourize,colourize,hhOsa7Oao0009GjaJ,3,14+1,14,1,15,6435,1Cv4J1J4hQA6hQQQv6J6J,12,80468,https://trainyard.ca/solutions/colourize,https://trainyard.ca/2tEW,https://s3.amazonaws.com/TrainyardSiteMisc/images/puzzles/colourize_thumb.png,https://trainyard.ca/expressSolutions,ok
Express,Manitoba,22,4,6,Weighted Top,weightedTop,hh3GeaC09OCqROki09GbaC,3,13+4,13,4,17,3987,0J4CQo4N3v2hTFQo3hL0,15,1000093,https://trainyard.ca/solutions/weightedTop,https://trainyard.ca/7GUP,https://s3.amazonaws.com/TrainyardSiteMisc/images/puzzles/weightedTop_thumb.png,https://trainyard.ca/expressSolutions,ok
Express,Ontario,23,5,1,Embrace,embrace,hhOso2GeaJ00001GbaJ2Oaa,3,11+2,11,2,13,5278,7hQQA6J6J6J6mQQv,9,6817,https://trainyard.ca/solutions/embrace,https://trainyard.ca/4bK,https://s3.amazonaws.com/TrainyardSiteMisc/images/puzzles/embrace_thumb.png,https://trainyard.ca/expressSolutions,ok
Express,Ontario,24,5,2,Pee Gee,peeGee,hhOjh5OBo7GcaJ02GiaCGcaJ03Ojo5OBa,4,20+6,20,6,26,6708,1QQQUz5ht2v3J2Hv2h2Vo5J6jQQQQ,10,422491,https://trainyard.ca/solutions/peeGee,https://trainyard.ca/4qJv,https://s3.amazonaws.com/TrainyardSiteMisc/images/puzzles/peeGee_thumb.png,https://trainyard.ca/expressSolutions,ok
Express,Ontario,25,5,3,Autumn,autumn,hh2Osa1Geav0009Oah1Oav,4,11+6,11,6,17,2645,9hzL5KA5hL6J4CQL,8,2523754,https://trainyard.ca/solutions/autumn,https://trainyard.ca/2gnM4,https://s3.amazonaws.com/TrainyardSiteMisc/images/puzzles/autumn_thumb.png,https://trainyard.ca/expressSolutions,ok
Express,Ontario,26,5,4,Unscathed,unscathed,hh7Gcaa6Ojo6RRR1RRROja6Gcao0,4,11+4,11,4,15,3499,8FQv4pQA6J4UQo4o0,11,7388,https://trainyard.ca/solutions/unscathed,https://trainyard.ca/4mW,https://s3.amazonaws.com/TrainyardSiteMisc/images/puzzles/unscathed_thumb.png,https://trainyard.ca/expressSolutions,ok
Express,Ontario,27,5,5,Challenger,challenger,hh3Oto07GcaC5Giav07Obi,5,11+3,11,3,14,2335,0J4CQVv3o1DuQ4J6J0,10,1975483,https://trainyard.ca/solutions/challenger,https://trainyard.ca/2dfWv,https://s3.amazonaws.com/TrainyardSiteMisc/images/puzzles/challenger_thumb.png,https://trainyard.ca/expressSolutions,ok
Express,Ontario,28,5,6,Please Wait,pleaseWait,hh8OBaRRRR6R6R6R6R5GiaJROao,5,23+5,23,5,28,5670,CQQQQQvH5JhUv3J1hA3J2J3J2Kv2J2hu,22,2368695,https://trainyard.ca/solutions/pleaseWait,https://trainyard.ca/2fvk9,https://s3.amazonaws.com/TrainyardSiteMisc/images/puzzles/pleaseWait_thumb.png,https://trainyard.ca/expressSolutions,ok
Express,Quebec,29,6,1,Berlin,berlin,hh8GeaJ1Geaa1GeaC8RRR1RRR8OaC1OaJ1Oaa,5,21+4,21,4,25,5015,2CQv4J1J3hoHuo4J4CvKBv3J1J4hQo,14,85051,https://trainyard.ca/solutions/berlin,https://trainyard.ca/2v8M,https://s3.amazonaws.com/TrainyardSiteMisc/images/puzzles/berlin_thumb.png,https://trainyard.ca/expressSolutions,ok
Express,Quebec,30,6,2,Golem,golem,hh07Oah5OBCRGcaC5Oso0,5,16+4,16,4,20,11016,0Cv6hQv1C3FA1J3Ko1hQRQo,10,2767906,https://trainyard.ca/solutions/golem,https://trainyard.ca/2hLCU,https://s3.amazonaws.com/TrainyardSiteMisc/images/puzzles/golem_thumb.png,https://trainyard.ca/expressSolutions,ok
Express,Quebec,31,6,3,Sunburst,sunburst,hh0Osh01Ojh1Gpah1OBh01Oah0,5,13+7,13,7,20,8264,06Co5A1F2CUSTo2Kt5ho,14,575337,https://trainyard.ca/solutions/sunburst,https://trainyard.ca/5htT,https://s3.amazonaws.com/TrainyardSiteMisc/images/puzzles/sunburst_thumb.png,https://trainyard.ca/expressSolutions,ok
Express,Quebec,32,6,4,Pea Shooter,peaShooter,hh001OaoOaoOshOsh2GibG00,6,11+3,11,3,14,7615,04CUQQIv5Jh3hRo0,8,16220,https://trainyard.ca/solutions/peaShooter,https://trainyard.ca/7bE,https://s3.amazonaws.com/TrainyardSiteMisc/images/puzzles/peaShooter_thumb.png,https://trainyard.ca/expressSolutions,ok
Express,Quebec,33,6,5,Scarab,scarab,hhGeaC5GeaC0Oso4Ojh3OBa4Oah0Gbav5Gbav,6,21+7,21,7,28,7498,7hQIQBQo2J1J4swE4J1J2CQnQuQv,9,6686,https://trainyard.ca/solutions/scarab,https://trainyard.ca/49q,https://s3.amazonaws.com/TrainyardSiteMisc/images/puzzles/scarab_thumb.png,https://trainyard.ca/expressSolutions,ok
Express,New Brunswick,34,7,1,Prancing,prancing,hhOjo5OBa5OjJ01GkbN01OBC5Ojh5OBo,6,25+8,25,8,33,4321,1QQFBQ4mt1v3hwQo4x2CQQIo2h2J4QQjQQ,12,1014093,https://trainyard.ca/solutions/prancing,https://trainyard.ca/7MnP,https://s3.amazonaws.com/TrainyardSiteMisc/images/puzzles/prancing_thumb.png,https://trainyard.ca/expressSolutions,ok
Express,New Brunswick,35,7,2,Box Seven,boxSeven,hhOkb6Okq6RRR4RRRR3RRR4GcaC6GcaJ,7,14+4,14,4,18,13217,1Uv5unv6hv6J6J3IQQo3o,14,2170754,https://trainyard.ca/solutions/boxSeven,https://trainyard.ca/2endu,https://s3.amazonaws.com/TrainyardSiteMisc/images/puzzles/boxSeven_thumb.png,https://trainyard.ca/expressSolutions,ok
Express,New Brunswick,36,7,3,Sapling,sapling,hhGcaa5Giao0005Gcaa5OGccc,7,18+8,18,8,26,15656,1QQQzQ5J6J6Hv5HA5mx2QQQnR,23,1389850,https://trainyard.ca/solutions/sapling,https://trainyard.ca/9VcL,https://s3.amazonaws.com/TrainyardSiteMisc/images/puzzles/sapling_thumb.png,https://trainyard.ca/expressSolutions,ok
Express,New Brunswick,37,7,4,Match Up,matchUp,hhGeaJ5Geav07OBoOta06GbaJ5Oah,8,18+6,18,6,24,7104,7J5JJ5JHvC3JmnuQpIoJ4hv,9,619810,https://trainyard.ca/solutions/matchUp,https://trainyard.ca/5xE4,https://s3.amazonaws.com/TrainyardSiteMisc/images/puzzles/matchUp_thumb.png,https://trainyard.ca/expressSolutions,ok
Express,New Brunswick,38,7,5,Being Green,beingGreen,hh8Oao3GbaC1OaoR3RGbaCRR3RROshR3RGeaC1Osh3GeaC,7,25+10,25,10,35,6258,CIIFQTvJ1hL2J3J6J6J3J1CM2JhnnjQSo,26,1493448,https://trainyard.ca/solutions/beingGreen,https://trainyard.ca/2aweJ,https://s3.amazonaws.com/TrainyardSiteMisc/images/puzzles/beingGreen_thumb.png,https://trainyard.ca/expressSolutions,ok
Express,New Brunswick,39,7,6,Casualty,casualty,hh4Geah9Oja5OBoGcaJ5GibOOja5OBo01Oah,8,15+8,15,8,23,8905,01Dv2v2Hj2M2NQ2nQQLC5Ko,11,2656182,https://trainyard.ca/solutions/casualty,https://trainyard.ca/2h8ZQ,https://s3.amazonaws.com/TrainyardSiteMisc/images/puzzles/casualty_thumb.png,https://trainyard.ca/expressSolutions,ok
Express,Prince Edward Island,40,8,1,Niner,niner,hh07Oaa3GcaC1PboRPco1GiaC3Osa0,8,14+4,14,4,18,2740,0Cv3Cv1J3M3C2hM1No3hSo,16,126662,https://trainyard.ca/solutions/niner,https://trainyard.ca/2JpQ,https://s3.amazonaws.com/TrainyardSiteMisc/images/puzzles/niner_thumb.png,https://trainyard.ca/expressSolutions,ok
Express,Prince Edward Island,41,8,2,Teamwork,teamwork,hh3Pfw6GkaJ007OaC5OBoROja,8,16+4,16,4,20,6624,2C1v4h1J6J6Dv2CQInL2J3J2h3o,16,6796,https://trainyard.ca/solutions/teamwork,https://trainyard.ca/4bn,https://s3.amazonaws.com/TrainyardSiteMisc/images/puzzles/teamwork_thumb.png,https://trainyard.ca/expressSolutions,ok
Express,Prince Edward Island,42,8,3,Return Policing,returnPolicing,hh6R5R5R5Pcw5R5R5R4GidqqOdaa,8,11+4,11,4,15,7881,05Cv5hn1v6mv5KSv4h,45,692742,https://trainyard.ca/solutions/returnPolicing,https://trainyard.ca/5WUq,https://s3.amazonaws.com/TrainyardSiteMisc/images/puzzles/returnPolicing_thumb.png,https://trainyard.ca/expressSolutions,ok
Express,Prince Edward Island,43,8,4,Formatic,formatic,hh003PboOdaaPco5GobG0,8,10+5,10,5,15,8684,06CFv01H1A4KIo4ho,12,26135,https://trainyard.ca/solutions/formatic,https://trainyard.ca/2akH,https://s3.amazonaws.com/TrainyardSiteMisc/images/puzzles/formatic_thumb.png,https://trainyard.ca/expressSolutions,ok
Express,Prince Edward Island,44,8,5,Rainbow Arrow,rainbowArrow,hh0Paw2Giao3Pbw2GiaC3R2OEOO3Pew2Giah3Pcw2Giaa,9,16+12,16,12,28,8037,8CB1Iz2hR1rH5KP3C1kV3h1np,30,2769385,https://trainyard.ca/solutions/rainbowArrow,https://trainyard.ca/2hM7j,https://s3.amazonaws.com/TrainyardSiteMisc/images/puzzles/rainbowArrow_thumb.png,https://trainyard.ca/expressSolutions,ok
Express,Nova Scotia,45,9,1,One Way,oneWay,hh03OBo7GcaC1PawPbw2OBo03OBo,8,12+6,12,6,18,6492,02C2CQQzA2j2LN5hr6h,18,2479504,https://trainyard.ca/solutions/oneWay,https://trainyard.ca/2g8ES,https://s3.amazonaws.com/TrainyardSiteMisc/images/puzzles/oneWay_thumb.png,https://trainyard.ca/expressSolutions,ok
Express,Nova Scotia,46,9,2,Roundabout,roundabout,hh0Oah01OBa1GedGO1Ojo3R5R1Oso3R,9,21+5,21,5,26,9710,3Cv6Hv1CQQQVjvh3J1o3hVv5Do4ho,18,2164522,https://trainyard.ca/solutions/roundabout,https://trainyard.ca/2ekec,https://s3.amazonaws.com/TrainyardSiteMisc/images/puzzles/roundabout_thumb.png,https://trainyard.ca/expressSolutions,ok
Express,Nova Scotia,47,9,3,Chromashift,chromaShift,hh05OaC1Paw1Oao2OBC1Gkba1Ojo2OsC1Paw1Oso0,9,22+7,22,7,29,7248,7Cv3CvJ5JH3v1AJ1C1x1JhMmQuuo1ho,21,936012,https://trainyard.ca/solutions/chromaShift,https://trainyard.ca/7kuw,https://s3.amazonaws.com/TrainyardSiteMisc/images/puzzles/chromaShift_thumb.png,https://trainyard.ca/expressSolutions,ok
Express,Nova Scotia,48,9,4,Balsam,balsam,hh07GbbO6Ozaaqq00,9,12+6,12,6,18,10767,2Cv5Dr4Ct5hA6lx5ho0,22,1108538,https://trainyard.ca/solutions/balsam,https://trainyard.ca/8jvk,https://s3.amazonaws.com/TrainyardSiteMisc/images/puzzles/balsam_thumb.png,https://trainyard.ca/expressSolutions,ok
Express,Nova Scotia,49,9,5,Boomerang,boomerang,hh5Pbw6Pew6Pcw7Ouaa00Gbclo,9,12+6,12,6,18,8942,4C1v4N1A4H1o4hv6mr5hA,21,61844,https://trainyard.ca/solutions/boomerang,https://trainyard.ca/2mJn,https://s3.amazonaws.com/TrainyardSiteMisc/images/puzzles/boomerang_thumb.png,https://trainyard.ca/expressSolutions,ok
Express,Newfoundland,50,10,1,Taxing,taxing,hhOjo5GmaCOsh0003OaoGdaC5OBh,8,20+6,20,6,26,4959,1v2CQ2J1CM2lRQSL2J3J2J3hBvJ4J6h,16,535093,https://trainyard.ca/solutions/taxing,https://trainyard.ca/54Df,https://s3.amazonaws.com/TrainyardSiteMisc/images/puzzles/taxing_thumb.png,https://trainyard.ca/expressSolutions,ok
Express,Newfoundland,51,10,2,Dousing The Flame,dousingTheFlame,hhOsaROsaGeaoOsaROsa1Osa3Osa005Pco0,9,19+9,19,9,28,5444,7J1JhM1JhRnFSuo3mv5Ht6J5ho,19,6807,https://trainyard.ca/solutions/dousingTheFlame,https://trainyard.ca/4bz,https://s3.amazonaws.com/TrainyardSiteMisc/images/puzzles/dousingTheFlame_thumb.png,https://trainyard.ca/expressSolutions,ok
Express,Newfoundland,52,10,3,Duplex,duplex,hhR5ROjo5OBhR5OBhOjo5ROjo5OBhR5RGcaC5GiaC,9,18+11,18,11,29,4874,8v3C2lTFTs2Lhjnx2t3m2J3J2o3h,14,1167096,https://trainyard.ca/solutions/duplex,https://trainyard.ca/8Eb2,https://s3.amazonaws.com/TrainyardSiteMisc/images/puzzles/duplex_thumb.png,https://trainyard.ca/expressSolutions,ok
Express,Newfoundland,53,10,4,Pals,pals,hhGcbF5GibM05OCi3Oka01Otq0,9,21+10,21,10,31,7721,1v3C2lTBIx1CRVujjvh1J3o2J6J6ho,27,2613539,https://trainyard.ca/solutions/pals,https://trainyard.ca/2gTqm,https://s3.amazonaws.com/TrainyardSiteMisc/images/puzzles/pals_thumb.png,https://trainyard.ca/expressSolutions,ok
Express,Newfoundland,54,10,5,Refresh,refresh,hh04GcaJ2Paw2OBhGcaJ5OBhGcaJ2Pcw2OBh0,10,11+8,11,8,19,9597,05IF1QB2MJ2m2nj1QS0,20,871657,https://trainyard.ca/solutions/refresh,https://trainyard.ca/6XXj,https://s3.amazonaws.com/TrainyardSiteMisc/images/puzzles/refresh_thumb.png,https://trainyard.ca/expressSolutions,ok
Express,Bonus: Yukon,55,11,1,Partnership,partnership,hh1GiaC1GeaJ1Gcav0007ODqh3Olah,8,23+7,23,7,30,3873,C5vhQFSQQo2J6J4CFA4HRpQQQvh5o,21,1630254,https://trainyard.ca/solutions/partnership,https://trainyard.ca/2bhRG,https://s3.amazonaws.com/TrainyardSiteMisc/images/puzzles/partnership_thumb.png,https://trainyard.ca/expressSolutions,ok
Express,Bonus: Yukon,56,11,2,Reciprocate,reciprocate,hh04OavGbaJ3GbaCOavOjJ2R2OBJOsCGeaJ3GeavOsC0,10,24+16,24,16,40,2990,7CUTFQTv2Njv3Qt1HQ3DTt2hRSpRSo,13,6833,https://trainyard.ca/solutions/reciprocate,https://trainyard.ca/4c3,https://s3.amazonaws.com/TrainyardSiteMisc/images/puzzles/reciprocate_thumb.png,https://trainyard.ca/expressSolutions,ok
Express,Bonus: Yukon,57,11,3,Impact,impact,hh3GedOO07Omaa5OEqq07GbdOO,9,12+2,12,2,14,3542,0hv5CPv2QQVoh4J6J0,11,63295,https://trainyard.ca/solutions/impact,https://trainyard.ca/2nch,https://s3.amazonaws.com/TrainyardSiteMisc/images/puzzles/impact_thumb.png,https://trainyard.ca/expressSolutions,ok
Express,Bonus: Yukon,58,11,4,Moonbeams,moonbeams,hh2Pew1Pcw4RRR07OvOO3GedEs0,10,19+4,19,4,23,4804,1C1Q1v2J3J2hQQzo5J4CQt3hRQpo,90,2681426,https://trainyard.ca/solutions/moonbeams,https://trainyard.ca/2hh4C,https://s3.amazonaws.com/TrainyardSiteMisc/images/puzzles/moonbeams_thumb.png,https://trainyard.ca/expressSolutions,ok
Express,Bonus: Yukon,59,11,5,Sibilant,sibilant,hhGcaC3OsoOsoOso7GcbG03GcbG03GcaC3OahOahOah,10,20+9,20,9,29,3276,1v6J2HSo1A1Co3DQPv3t1ht3J2mTv1o,14,69239,https://trainyard.ca/solutions/sibilant,https://trainyard.ca/2q6r,https://s3.amazonaws.com/TrainyardSiteMisc/images/puzzles/sibilant_thumb.png,https://trainyard.ca/expressSolutions,ok
Express,Bonus: Northwest Territories,60,12,1,Down Under,downUnder,hh05OaaOaJOaoOaCOah9GeahGeaCGeaoGeaJGeaa0,10,20+11,20,11,31,4970,7CTBBBv1J6J6J6hAHPrJ2hSSSo,22,1391786,https://trainyard.ca/solutions/downUnder,https://trainyard.ca/9VPk,https://s3.amazonaws.com/TrainyardSiteMisc/images/puzzles/downUnder_thumb.png,https://trainyard.ca/expressSolutions,ok
Express,Bonus: Northwest Territories,61,12,2,Snowracer,snowracer,hh6Giaa2R3Giah3RR1Giao1R3R1Ojo1RR3Ojh3R2Oja,5,24+5,24,5,29,1081,1CQQTT2J2hP2hv2h3hQv3v2hv2A3J2nQQQo,24,1198527,https://trainyard.ca/solutions/snowracer,https://trainyard.ca/8Qch,https://s3.amazonaws.com/TrainyardSiteMisc/images/puzzles/snowracer_thumb.png,https://trainyard.ca/expressSolutions,ok
Express,Bonus: Northwest Territories,62,12,3,Right of Passage,rightOfPassage,hh1OsoRGebHROso01OaC03Osh03Oaa,9,19+9,19,9,28,2380,7CsUEQA1hjM2J3KQTo3J1J4hko,12,1393605,https://trainyard.ca/solutions/rightOfPassage,https://trainyard.ca/9WpP,https://s3.amazonaws.com/TrainyardSiteMisc/images/puzzles/rightOfPassage_thumb.png,https://trainyard.ca/expressSolutions,ok
Express,Bonus: Northwest Territories,63,12,4,Lamport,lamport,hhGeaCOsh1Osh1OshGeaC2R1R0R1R1R0R1R2GbaCOao1Oao1OaoGbaC,10,20+6,20,6,26,328,7hM1J1hA1hzo2J2J3J1Cpv2JCL1J1Ct,9,1199421,https://trainyard.ca/solutions/lamport,https://trainyard.ca/8Quf,https://s3.amazonaws.com/TrainyardSiteMisc/images/puzzles/lamport_thumb.png,https://trainyard.ca/expressSolutions,ok
Express,Bonus: Northwest Territories,64,12,5,Midland,midland,hh2GeahGeahGeah9Oja5OBaOja2Pbc2OBaOja5OBa9GbahGbahGbah,10,17+12,17,12,29,2077,9JHo3UnA1C2t3H2pUo1H3KBTo,35,2673869,https://trainyard.ca/solutions/midland,https://trainyard.ca/2heDF,https://s3.amazonaws.com/TrainyardSiteMisc/images/puzzles/midland_thumb.png,https://trainyard.ca/expressSolutions,ok
Express,Bonus: Nunavut,65,13,1,Entanglement,entanglement,hhGeaCRRGeavRROvOO001Pco7Pbo7Paw,11,20+7,20,7,27,7931,7hv1NQQo1NIt3CLhA4J1J3J2J3hR1o,21,424902,https://trainyard.ca/solutions/entanglement,https://trainyard.ca/4rvy,https://s3.amazonaws.com/TrainyardSiteMisc/images/puzzles/entanglement_thumb.png,https://trainyard.ca/expressSolutions,ok
Express,Bonus: Nunavut,66,13,2,Dufferin Gate,dufferinGate,hhGcao2Pbw2Giah3Pbw6Pbw3Omaa2Pcw6Pbw6Pbw3Gcah2Pbw2Giao,10,17+5,17,5,22,2901,1v2CQ2J2J3JC1x3nu1x6J6J3QQ1jQ,14,1205047,https://trainyard.ca/solutions/dufferinGate,https://trainyard.ca/8SgH,https://s3.amazonaws.com/TrainyardSiteMisc/images/puzzles/dufferinGate_thumb.png,https://trainyard.ca/expressSolutions,ok
Express,Bonus: Nunavut,67,13,3,Jumping Joy,jumpingJoy,hh3Gkah02OBo1Ojo4RPboR4OBo1Ojo02GkaC,8,18+6,18,6,24,1687,1CI5Dnv4h1J1v6J2C1J1M2hQpBo5o,13,1611678,https://trainyard.ca/solutions/jumpingJoy,https://trainyard.ca/2bbVY,https://s3.amazonaws.com/TrainyardSiteMisc/images/puzzles/jumpingJoy_thumb.png,https://trainyard.ca/expressSolutions,ok
Express,Bonus: Nunavut,68,13,4,Sidewinder,sidewinder,hh9RRR2Oaa2R2Gbah3Pbr3Oaa2Pab2Gbah3R3Oaa2R2Gbah,10,27+10,27,10,37,1392,1CQQQBvCt3Nt1J2Ct1CpB1JKv2J1St1CQo2hv,54,1612138,https://trainyard.ca/solutions/sidewinder,https://trainyard.ca/2bc6c,https://s3.amazonaws.com/TrainyardSiteMisc/images/puzzles/sidewinder_thumb.png,https://trainyard.ca/expressSolutions,ok
